(R)ETFSALGVPTGSAAR(A),ETFSALGVPTGSAAR(A),ETFSALGVPTGSAAR,(R)ETFSALGVPTGSAAR(A),(R)VTNAIGNADNATITLN(-),(K)IYDTCIGCTQCVR(A),(K)IYDTCIGCTQCVR(A)
(R)VTNAIGNADNATITLN(-),VTNAIGNADNATITLN(-),VTNAIGNADNATITLN,(R)VTNAIGNADNATITLN(-),(R)ETFSALGVPTGSAAR(A),(M)TATALTGQYPK(Y),(R)CETACPTDFLSIR(V)
(R)QAVSADSSGSFIGGAELASLK(S),QAVSADSSGSFIGGAELASLK(S),QAVSADSSGSFIGGAELASLK,(R)QAVSADSSGSFIGGAELASLK(S),(R)QAVSADSSGSFIGGAELASLK(S),(R)ETFSALGVPTGSAAR(A),(R)SMGLAY(-)
(R)AVAIMK(A),AVAIMK(A),AVAIMK,(R)AVAIMK(A),(R)TVVPNLSLAMVWQR(Q),(R)QAVSADSSGSFIGGAELASLK(S),(M)TATALTGQYPK(Y)
(K)IYDTCIGCTQCVR(A),IYDTCIGCTQCVR(A),IYDTCIGCTQCVR,(K)IYDTCIGCTQCVR(A),(R)AVAIMK(A),(R)CETACPTDFLSIR(V),(M)ANETMGIALGMIETR(G)
(R)TVVPNLSLAMVWQR(Q),TVVPNLSLAMVWQR(Q),TVVPNLSLAMVWQR,(R)TVVPNLSLAMVWQR(Q),(R)AAEDPEFETFYTK(N),(R)AVAIMK(A),(R)VYLGDETSR(S)
(K)AASIAMITNTTSAAPAR(K),AASIAMITNTTSAAPAR(K),AASIAMITNTTSAAPAR,(K)AASIAMITNTTSAAPAR(K),(K)TAGGILLPDTAK(E),(R)AAEDPEFETFYTK(N),(K)TAGGIIIPDTAK(E)
(K)YYGLYDSAEGVVR(T),YYGLYDSAEGVVR(T),YYGLYDSAEGVVR,(K)YYGLYDSAEGVVR(T),(K)YYGLYDSAEGVVR(T),(R)SMGLAY(-),(R)GLVPAIEAADAMTK(A)
(R)AAEDPEFETFYTK(N),AAEDPEFETFYTK(N),AAEDPEFETFYTK,(R)AAEDPEFETFYTK(N),(M)ANETMGIALGMIETR(G),(K)TAGGILLPDTAK(E),(M)ANETMGIALGMIETR(G)
(M)TATALTGQYPK(Y),TATALTGQYPK(Y),TATALTGQYPK,(M)TATALTGQYPK(Y),(K)AASIAMITNTTSAAPAR(K),(M)ANETMGIALGMIETR(G),(R)ETYAALGVPTGSAAR(A)
(R)SMGLAY(-),SMGLAY(-),SMGLAY,(R)SMGLAY(-),(M)ANETMGIALGMIETR(G),(K)AASIAMITNTTSAAPAR(K),(R)GETGAVNAAVR(A)
(R)CETACPTDFLSIR(V),CETACPTDFLSIR(V),CETACPTDFLSIR,(R)CETACPTDFLSIR(V),(R)GLVPAIEAADAMTK(A),(R)VTNAIGNADNATITLN(-),(R)GLVPAIEAADAMTK(A)
(M)ANETMGIALGMIETR(G),ANETMGIALGMIETR(G),ANETMGIALGMIETR,(M)ANETMGIALGMIETR(G),(R)GETGAVNAAVR(A),(R)VYLGDETTR(S),(R)AVAIMK(A)
(K)TAGGILLPDTAK(E),TAGGILLPDTAK(E),TAGGILLPDTAK,(K)TAGGILLPDTAK(E),(R)GLVPAIEAADAMTK(A),(R)VYLGDETSR(S),(M)TDENLPLGPK(T)
(M)ANETMGIALGMIETR(G),ANETMGIALGMIETR(G),ANETMGIALGMIETR,(M)ANETMGIALGMIETR(G),(R)ASAADTPQAIAR(F),(R)GLVPAIEAADAMTK(A),(K)ALVNNLPLYR(E)
(R)GLVPAIEAADAMTK(A),GLVPAIEAADAMTK(A),GLVPAIEAADAMTK,(R)GLVPAIEAADAMTK(A),(K)NVLLNEGIR(A),(M)ANETMGIALGMIETR(G),(R)ASAADTPQAIAR(F)
(R)GETGAVNAAVR(A),GETGAVNAAVR(A),GETGAVNAAVR,(R)GETGAVNAAVR(A),(R)LVPAGEVDEE(-),(R)GETGAVNAAVR(A),(R)AAEDPEFETFYTK(N)
(K)VGDPIAALDGAPK(W),VGDPIAALDGAPK(W),VGDPIAALDGAPK,(K)VGDPIAALDGAPK(W),(-)MLDAFSR(Q),(K)EQCLALGTQLR(S),(K)EQCLALGTQLR(T)
(R)GLVPAIEAADAMTK(A),GLVPAIEAADAMTK(A),GLVPAIEAADAMTK,(R)GLVPAIEAADAMTK(A),(M)TDENLPLGPK(K),(R)GLVPAIEAADAMTK(A),(-)MLDAFSR(K)
(R)ASAADTPQAIAR(F),ASAADTPQAIAR(F),ASAADTPQAIAR,(R)ASAADTPQAIAR(F),(R)QAPEVGVGDNVLYSK(Y),(K)NVLLNEGIR(A),(K)YLGSTGGLLNSAETEEK(Y)
(-)MLDAFSR(Q),MLDAFSR(Q),MLDAFSR,(-)MLDAFSR(Q),(K)ALVNNLPLYR(E),(R)LVPAGEVDEE(-),(R)EATGLGLGDAK(A)
(R)CLNGLR(E),CLNGLR(E),CLNGLR,(R)CLNGLR(E),(R)ESDNNITVSPR(-),(-)MLDAFSR(Q),(R)CLNGLR(E)
(K)IVVGGPYSSVSDAASVLDGSQK(S),IVVGGPYSSVSDAASVLDGSQK(S),IVVGGPYSSVSDAASVLDGSQK,(K)IVVGGPYSSVSDAASVLDGSQK(S),(K)SVLTTVIAAADSGSR(F),(R)ASAADTPQAIAR(F),(M)ANETMGIALGMIETR(G)
(K)AASIAMITNTTSAAPAR(K),AASIAMITNTTSAAPAR(K),AASIAMITNTTSAAPAR,(K)AASIAMITNTTSAAPAR(K),(R)CLNGLR(E),(M)TDENLPLGPK(K),(K)TLSLLEASELVK(Q)
(R)VYLGDETSR(S),VYLGDETSR(S),VYLGDETSR,(R)VYLGDETSR(S),(R)AYDFVSQEVR(A),(K)VGDPIAALDGAPK(W),(K)IEDYK(I)
(R)ESDNNITVSPR(-),ESDNNITVSPR(-),ESDNNITVSPR,(R)ESDNNITVSPR(-),(K)AASIAMITNTTSAAPAR(K),(R)TVVPNLSLAMVWQR(Q),(K)NVLLNEGIR(A)
(K)ALVNNLPLYR(E),ALVNNLPLYR(E),ALVNNLPLYR,(K)ALVNNLPLYR(E),(R)QSDNNITVSPR(-),(K)ALVNNLPLYR(E),(R)VPAFTAGK(M)
(M)TDENLPLGPK(K),TDENLPLGPK(K),TDENLPLGPK,(M)TDENLPLGPK(K),(K)GLSFGAPGSAGIGK(G),(K)YLGSTGGLLNSAETEEK(H),(K)LAFYDYVGNSPAK(G)
(K)NVLLNEGIR(A),NVLLNEGIR(A),NVLLNEGIR,(K)NVLLNEGIR(A),(K)QAGEYTTFK(G),(K)SVLTTVIAAADSGSR(F),(-)MLDAFSR(K)
(R)GGSGNDTINGGGGDDLIR(M),GGSGNDTINGGGGDDLIR(M),GGSGNDTINGGGGDDLIR,(R)GGSGNDTINGGGGDDLIR(M),(R)EVEPALSNGNLLSQKG(-),(R)CLNGLR(E),(K)SAATALIGQTNTPASGGAK(Y)
(R)LDDGQPLVEVAR(K),LDDGQPLVEVAR(K),LDDGQPLVEVAR,(R)LDDGQPLVEVAR(K),(-)MLTGSDLLTK(V),(R)ESDNNITVSPR(-),(R)AYDFVSQEVR(A)
(K)SVLTTVIAAADSGSR(F),SVLTTVIAAADSGSR(F),SVLTTVIAAADSGSR,(K)SVLTTVIAAADSGSR(F),(R)LINYCLVTGGTGPLDELAINGQR(E),(R)AYDFVSQEVR(A),(K)GMQVADAQLR(M)
(K)QAGEYTTFK(G),QAGEYTTFK(G),QAGEYTTFK,(K)QAGEYTTFK(G),(R)DSEICLR(Y),(R)QAPEVGVGDNVLYSK(Y),(R)DGEIVLR(Y)
(R)QAPEVGVGDNVLYSK(Y),QAPEVGVGDNVLYSK(Y),QAPEVGVGDNVLYSK,(R)QAPEVGVGDNVLYSK(Y),(-)MLDAFSR(Q),(K)AASIAMITNTTSAAPAR(K),(R)LINYCLVTGGTGPLDELAINGQR(E)
(R)QSDNNITVSPR(-),QSDNNITVSPR(-),QSDNNITVSPR,(R)QSDNNITVSPR(-),(K)IVVGGPYSSVSDAASSLDSSQK(S),(K)YYGLYDSAEGVVR(T),(R)VISAIG(-)
(R)ASTADTPQAIAR(F),ASTADTPQAIAR(F),ASTADTPQAIAR,(R)ASTADTPQAIAR(F),(R)FPSSSDMESVQGAIQR(A),(K)GLSFGAPGSAGIGK(G),(K)TNQNVGLDPETLALATPAR(D)
(R)AYDFVSQEVR(A),AYDFVSQEVR(A),AYDFVSQEVR,(R)AYDFVSQEVR(A),(K)SLPGYAPGK(V),(K)IVVGGPYSSVSDAASVLDGSQK(S),(R)SIPTLMVFK(G)
(K)AIEGMQPQINDMER(R),AIEGMQPQINDMER(R),AIEGMQPQINDMER,(K)AIEGMQPQINDMER(R),(R)EATGLGLGDAK(A),(K)IVVGGPYSSVSDAASSLDSSQK(S),(R)EFVGGGYVTVLVR(G)
(K)IVVGGPYSSVSDAASSLDSSQK(S),IVVGGPYSSVSDAASSLDSSQK(S),IVVGGPYSSVSDAASSLDSSQK,(K)IVVGGPYSSVSDAASSLDSSQK(S),(K)IDLNNSSVR(R),(-)MLTGSDLLTK(V),(K)ADLVNLVAAR(T)
(K)AASIAMITNTTSAAPARK(M),AASIAMITNTTSAAPARK(M),AASIAMITNTTSAAPARK,(K)AASIAMITNTTSAAPARK(M),(K)SFISLGNR(R),(R)LINYCLVTGGTGPLDELAINGQR(E),(K)GGLFR(V)
(R)DSEICLR(Y),DSEICLR(Y),DSEICLR,(R)DSEICLR(Y),(K)ALSIDGGTYIVGFTAIR(N),(R)EVEPALSNGNLLSQKG(-),(R)IAENAGANGAVVAENVK(S)
(K)EQCLALGTQLR(S),EQCLALGTQLR(S),EQCLALGTQLR,(K)EQCLALGTQLR(S),(R)ASTADTPQAIAR(F),(R)DSEICLR(Y),(K)VSILGFGSFEPR(E)
(R)EVEPALSNGNLLSQKG(-),EVEPALSNGNLLSQKG(-),EVEPALSNGNLLSQKG,(R)EVEPALSNGNLLSQKG(-),(R)LGNLIK(S),(K)LAFYDYVGNSPAK(G),(K)LNTDENPNVASQYGIR(S)
(R)LINYCLVTGGTGPLDELAINGQR(E),LINYCLVTGGTGPLDELAINGQR(E),LINYCLVTGGTGPLDELAINGQR,(R)LINYCLVTGGTGPLDELAINGQR(E),(K)SAATALIGQTNTPAAGGSK(Y),(K)IDLNNSSVR(R),(K)DFGYSFPCDGPGR(G)
(-)MLDAFSR(Q),MLDAFSR(Q),MLDAFSR,(-)MLDAFSR(Q),(R)VISAIG(-),(R)QSDNNITVSPR(-),(R)GIEKEDIER(G)
(K)LAFYDYVGNSPAK(G),LAFYDYVGNSPAK(G),LAFYDYVGNSPAK,(K)LAFYDYVGNSPAK(G),(R)ISGLIYEETR(G),(-)MLDAFSR(Q),(K)DGVFPEK(V)
(R)LLLPGELAK(H),LLLPGELAK(H),LLLPGELAK,(R)LLLPGELAK(H),(K)AASIAMITNTTSAAPARK(M),(R)FPSSSDMESVQGAIQR(A),(K)AGQIASSPR(T)
(K)TAAVGGNDIAALR(S),TAAVGGNDIAALR(S),TAAVGGNDIAALR,(K)TAAVGGNDIAALR(S),(M)ANETMGIALGMIETR(G),(R)IGENTNPAK(L),(R)KEQCLALGTQLR(T)
(K)AIEGMQPQINDMER(R),AIEGMQPQINDMER(R),AIEGMQPQINDMER,(K)AIEGMQPQINDMER(R),(R)IAENAGANGAVVAENVK(S),(K)SLPGYAPGK(V),(R)TGVEIVQR(A)
(K)SFISLGNR(R),SFISLGNR(R),SFISLGNR,(K)SFISLGNR(R),(K)DFGYSFPCDGPGR(G),(K)ALSIDGGTYIVGFTAIR(N),(K)DGVFPEKVNEGR(V)
(K)IDLNNASVR(R),IDLNNASVR(R),IDLNNASVR,(K)IDLNNASVR(R),(R)VPAFTAGK(M),(R)EATGLGLGDAK(A),(R)VVPTWADVLNR(S)
(K)YLGSTGGLLNSAETEEK(H),YLGSTGGLLNSAETEEK(H),YLGSTGGLLNSAETEEK,(K)YLGSTGGLLNSAETEEK(H),(R)EGISPNFR(G),(R)ASTADTPQAIAR(F),(R)FEFVAEAVK(L)
(R)FPSSSDMESVQGAIQR(A),FPSSSDMESVQGAIQR(A),FPSSSDMESVQGAIQR,(R)FPSSSDMESVQGAIQR(A),(R)TLYGFGG(-),(K)SFISLGNR(R),(R)GVLNVAAVK(A)
(R)LVPAGEVDEE(-),LVPAGEVDEE(-),LVPAGEVDEE,(R)LVPAGEVDEE(-),(R)FPSSSDMESVQGAIQR(A),(R)LGNLIK(S),(R)ETYAALGVPTGSASR(A)
(M)ANETMGIALGMIETR(G),ANETMGIALGMIETR(G),ANETMGIALGMIETR,(M)ANETMGIALGMIETR(G),(R)SIPTLMVFK(G),(K)SAATALIGQTNTPAAGGSK(Y),(K)DLDEGLAGDNCGLLLR(G)
(R)LGNLIK(S),LGNLIK(S),LGNLIK,(R)LGNLIK(S),(R)GMQVADAQLR(M),(R)VISAIG(-),(K)LAGGVAVVK(V)
(K)IDLNNSSVR(R),IDLNNSSVR(R),IDLNNSSVR,(K)IDLNNSSVR(R),(R)DGEIVLR(Y),(K)AASIAMITNTTSAAPARK(M),(R)IIYNEQAR(R)
(K)ALSIDGGTYIVGFTAIR(N),ALSIDGGTYIVGFTAIR(N),ALSIDGGTYIVGFTAIR,(K)ALSIDGGTYIVGFTAIR(N),(R)SLALPTSAYVEALTYTR(N),(K)IDLNNASVR(R),(K)VQDYAEIDGAPEER(E)
(-)MLTGSDLLTK(V),MLTGSDLLTK(V),MLTGSDLLTK,(-)MLTGSDLLTK(V),(K)LAGNYDK(V),(R)ISGLIYEETR(G),(R)SPTGEIIFGGETMR(F)
(R)FQQFPGMYPSIAGK(I),FQQFPGMYPSIAGK(I),FQQFPGMYPSIAGK,(R)FQQFPGMYPSIAGK(I),(R)YISYALLAGDPSVLDDR(C),(M)ANETMGIALGMIETR(G),(R)TSNFLDPK(S)
(K)SLPGYAPGK(V),SLPGYAPGK(V),SLPGYAPGK,(K)SLPGYAPGK(V),(K)VSESEEKTAGGILLPDTAK(E),(R)LILPGELAK(H),(K)TTLTAAITSVLAK(K)
(K)GLSFGAPGSAGIGK(G),GLSFGAPGSAGIGK(G),GLSFGAPGSAGIGK,(K)GLSFGAPGSAGIGK(G),(K)SADEVIEALER(I),(K)DGEFPEKVNEGR(V),(R)FLSNTEVQAASGR(F)
(K)AIEGMQPQINDMER(R),AIEGMQPQINDMER(R),AIEGMQPQINDMER,(K)AIEGMQPQINDMER(R),(K)DILAVVN(-),(K)TLSLLEASELVK(Q),(R)AAVEEGIVAGGGTTLLR(L)
(K)SAATALIGQTNTPAAGGSK(Y),SAATALIGQTNTPAAGGSK(Y),SAATALIGQTNTPAAGGSK,(K)SAATALIGQTNTPAAGGSK(Y),(R)VVDLAEIVAK(N),(K)DFGYSFPCDGPGR(G),(R)VPTPNVSAVDLVFESGR(S)
(R)VISAIG(-),VISAIG(-),VISAIG,(R)VISAIG(-),(R)FLSNSEIQAASGR(F),(K)QAGEYTTFK(G),(K)LAGGVAVIK(V)
(R)EVEPALGNGNLLGQKD(-),EVEPALGNGNLLGQKD(-),EVEPALGNGNLLGQKD,(R)EVEPALGNGNLLGQKD(-),(R)VAQVLSESR(E),(R)EGISPNFR(G),(R)LGANIGSAMGPTGLGK(Y)
(R)EATGLGLGDAK(A),EATGLGLGDAK(A),EATGLGLGDAK,(R)EATGLGLGDAK(A),(K)VAQEAVDAVYAVHPNGAVGR(Q),(R)VPAFTAGK(M),(R)LVPGFEAPVNLVYSQGNR(S)
(K)TLSLLEASELVK(Q),TLSLLEASELVK(Q),TLSLLEASELVK,(K)TLSLLEASELVK(Q),(K)EQCLALGTQLR(S),(R)EVEPALGNGNLLGQKD(-),(K)VAALIEAR(Q)
(K)TNQNVGLDPETLALATPAR(D),TNQNVGLDPETLALATPAR(D),TNQNVGLDPETLALATPAR,(K)TNQNVGLDPETLALATPAR(D),(R)SPTGEIIFGGETMR(F),(R)SIPTLMVFK(G),(K)AASVANVVEVLR(E)
(R)IAENAGANGAVVAENVK(S),IAENAGANGAVVAENVK(S),IAENAGANGAVVAENVK,(R)IAENAGANGAVVAENVK(S),(R)VVPTWADVLNR(S),(R)VVPTWADVLNR(A),(K)SADEVIEALER(I)
(R)EIQTAVR(L),EIQTAVR(L),EIQTAVR,(R)EIQTAVR(L),(R)EVEPALGNGNLLGQKD(-),(R)IAENAGANGAVVAENVK(S),(R)VVDLAELVAK(N)
(R)LVVAGPAQVK(A),LVVAGPAQVK(A),LVVAGPAQVK,(R)LVVAGPAQVK(A),(K)LAGGVAVVK(V),(R)FQQFPGMYPSIAGK(I),(R)EVEPALGNGEFLGQKD(-)
(R)INVYYNEATGGR(Y),INVYYNEATGGR(Y),INVYYNEATGGR,(R)INVYYNEATGGR(Y),(R)TSNFLDPK(S),(K)GGLFR(V),(R)GVLQVAAVR(A)
(K)AIEGMQPQINDMER(R),AIEGMQPQINDMER(R),AIEGMQPQINDMER,(K)AIEGMQPQINDMER(R),(R)EFVGGGYVTVLVR(G),(K)AGQIAASPR(T),(K)GMQVADAQLR(M)
(K)DFGYSFPCDGPGR(G),DFGYSFPCDGPGR(G),DFGYSFPCDGPGR,(K)DFGYSFPCDGPGR(G),(K)ITGVLYGR(K),(R)EIQTAVR(L),(R)LEEGGNLAYK(M)
(R)EGISPNFR(G),EGISPNFR(G),EGISPNFR,(R)EGISPNFR(G),(R)GIEKEDIER(G),(R)FPSSSDMESVQGAIQR(A),(R)VNAISAGPIR(T)
(R)ISGLIYEETR(G),ISGLIYEETR(G),ISGLIYEETR,(R)ISGLIYEETR(G),(K)VFLENVIR(D),(K)TNQNVGLDPETLALATPAR(D),(R)AYDFVSQEIR(A)
(K)GGLFR(V),GGLFR(V),GGLFR,(K)GGLFR(V),(K)ADLVNLVAAR(T),(R)DGEIVLR(Y),(M)SIVSNSIINADAEAR(Y)
(K)VAQEAVDAVYAVHPNGAVGR(Q),VAQEAVDAVYAVHPNGAVGR(Q),VAQEAVDAVYAVHPNGAVGR,(K)VAQEAVDAVYAVHPNGAVGR(Q),(R)LVTYGVVAGDVTPIEEIGVIGAR(E),(K)LAGNYDK(V),(-)MANETMGIALGMIETR(G)
(R)LVPAGEADEE(-),LVPAGEADEE(-),LVPAGEADEE,(R)LVPAGEADEE(-),(K)AASIAMITNTTSAAPARK(M),(R)YISYALLAGDPSVLDDR(C),(R)LEDAINATK(A)
(K)RVTNAIGNADNATITLN(-),RVTNAIGNADNATITLN(-),RVTNAIGNADNATITLN,(K)RVTNAIGNADNATITLN(-),(R)VPTPNVSAVDLVFESGR(S),(R)ETYDSDGVFR(S),(K)QVGVPALVVALNK(C)
(R)TLYGFGG(-),TLYGFGG(-),TLYGFGG,(R)TLYGFGG(-),(K)LNTDENPNVASQYGIR(S),(R)FLSNSEIQAASGR(F),(K)VIDLLAPYR(Q)
(K)LAGNYDK(V),LAGNYDK(V),LAGNYDK,(K)LAGNYDK(V),(R)GVLNVAAVK(A),(K)VAQEAVDAVYAVHPNGAVGR(Q),(R)FVQAGSEVSALLGR(M)
(R)DGEIVLR(Y),DGEIVLR(Y),DGEIVLR,(R)DGEIVLR(Y),(K)DLGDVSK(S),(R)LVVAGPAQVK(A),(K)VAVGINEVPSGLAR(A)
(R)VVPTWADVLNR(S),VVPTWADVLNR(S),VVPTWADVLNR,(R)VVPTWADVLNR(S),(R)ETYDSDGVFR(S),(K)AQVFELPTGGAAEMNEGENLMYFAR(K),(R)GLVPAIEAADAMTKAAEVR(L)
(R)SIPTLMVFK(G),SIPTLMVFK(G),SIPTLMVFK,(R)SIPTLMVFK(G),(K)VITETIPAGPSLLVK(V),(K)VSESEEKTAGGILLPDTAK(E),(K)TTQAEVPQSVLPDSVFK(A)
(K)DGEFPEKVNEGR(V),DGEFPEKVNEGR(V),DGEFPEKVNEGR,(K)DGEFPEKVNEGR(V),(R)ADALVNGAAQAVYAK(Y),(R)GMQVADAQLR(M),(R)IPLTGPSPK(A)
(K)VSESEEKTAGGILLPDTAK(E),VSESEEKTAGGILLPDTAK(E),VSESEEKTAGGILLPDTAK,(K)VSESEEKTAGGILLPDTAK(E),(R)SLGTPLEALADSIR(E),(K)DILAVVN(-),(K)LQNDVQPWQVR(R)
(R)AGAGDDEVNAGSGDDIVR(L),AGAGDDEVNAGSGDDIVR(L),AGAGDDEVNAGSGDDIVR,(R)AGAGDDEVNAGSGDDIVR(L),(K)VQDYAEIDGAPEER(E),(K)TLYGFGG(-),(K)QAGEYTTFK(G)
(K)SADEVIEALER(I),SADEVIEALER(I),SADEVIEALER,(K)SADEVIEALER(I),(K)VSILGFGSFEPR(D),(R)KEQCLALGTQLR(S),(R)VAINGFGR(I)
(R)FPSSSDMESVQGAIQR(A),FPSSSDMESVQGAIQR(A),FPSSSDMESVQGAIQR,(R)FPSSSDMESVQGAIQR(A),(R)GQVSLEAAK(V),(R)FQQFPGMYPTIAGK(I),(K)AIEEVGGK(V)
(R)VPAFTAGK(M),VPAFTAGK(M),VPAFTAGK,(R)VPAFTAGK(M),(M)SIVSNSIINADAEAR(Y),(K)AGNDLQVR(R),(K)ASATTMITNTNNTTEPK(R)
(R)LGIMQSVEPVLENAIK(T),LGIMQSVEPVLENAIK(T),LGIMQSVEPVLENAIK,(R)LGIMQSVEPVLENAIK(T),(R)EVEPALSNGNLLSQK(G),(K)LNTDENPNVASQYGIR(S),(K)LAPTIQPR(A)
(R)ETYDSDGVFR(S),ETYDSDGVFR(S),ETYDSDGVFR,(R)ETYDSDGVFR(S),(K)TVTAMDVVYALKR(Q),(R)TGVEIVQR(A),(M)TETLVGQFPK(H)
(R)SLALPTSAYVEALTYTR(N),SLALPTSAYVEALTYTR(N),SLALPTSAYVEALTYTR,(R)SLALPTSAYVEALTYTR(N),(K)DLDEGLAGDNCGLLLR(G),(R)EFVGGGYVTVLVR(G),(K)TLSLICSIQEPR(S)
(R)YISYALLAGDPSVLDDR(C),YISYALLAGDPSVLDDR(C),YISYALLAGDPSVLDDR,(R)YISYALLAGDPSVLDDR(C),(K)ETYIALGVPTQSASR(A),(K)SADEVIEALER(I),(R)SYAGEIFLR(H)
(R)EFVGGGYVTVLVR(G),EFVGGGYVTVLVR(G),EFVGGGYVTVLVR,(R)EFVGGGYVTVLVR(G),(R)LEDAINATK(A),(R)VVDLAEIVAK(N),(R)IGISLPQSR(T)
(R)GIEKEDIER(G),GIEKEDIER(G),GIEKEDIER,(R)GIEKEDIER(G),(R)DNIQGITKPAIR(R),(K)ADLVNLVAAR(T),(K)IASVPVGEAMLGR(V)
(K)AGQIAASPR(T),AGQIAASPR(T),AGQIAASPR,(K)AGQIAASPR(T),(K)ATLSGTISK(Y),(K)LAGGVAVVK(V),(K)ILVTGIANNR(S)
(R)GMQVADAQLR(M),GMQVADAQLR(M),GMQVADAQLR,(R)GMQVADAQLR(M),(K)LAPTIQPR(A),(R)IIYNEQAR(R),(R)AVAMSGTDGLVR(G)
(R)FEFVAEAVK(L),FEFVAEAVK(L),FEFVAEAVK,(R)FEFVAEAVK(L),(K)TFSDSADVKR(L),(R)SPTGEIIFGGETMR(F),(R)NVAAGASPIELR(R)
(R)VQSAMDEGASQQAAYDAIPEK(L),VQSAMDEGASQQAAYDAIPEK(L),VQSAMDEGASQQAAYDAIPEK,(R)VQSAMDEGASQQAAYDAIPEK(L),(R)ELLSSYDFPGDDIPIVK(V),(K)VFLENVIR(D),(R)YLSPGELDQIK(A)
(R)FQQFPGMYPTIAGK(I),FQQFPGMYPTIAGK(I),FQQFPGMYPTIAGK,(R)FQQFPGMYPTIAGK(I),(K)TTLTAAITSVLAK(K),(R)RIGENTNPAK(L),(R)VALEACVK(A)
(K)AASVANVVEVLR(E),AASVANVVEVLR(E),AASVANVVEVLR,(K)AASVANVVEVLR(E),(K)VTLTSESEGLNK(T),(R)LVTYGVVAGDVTPIEEIGVIGAR(E),(R)NVAAGANAISLK(K)
(K)VFLENVIR(D),VFLENVIR(D),VFLENVIR,(K)VFLENVIR(D),(K)LQNDVQPWQVR(R),(R)TSNFLDPK(S),(K)MTGELICPVAIEQGMR(F)
(K)AGNDLQVR(R),AGNDLQVR(R),AGNDLQVR,(K)AGNDLQVR(R),(K)DLGDVSKSDLVR(A),(K)DLGDVSK(S),(R)GQILPTGEK(T)
(K)TFSDSADVKR(L),TFSDSADVKR(L),TFSDSADVKR,(K)TFSDSADVKR(L),(K)AASVANVVEVLR(E),(K)AASVANVVEVLR(E),(R)LEIQAIADDVSSK(Y)
(R)AGSGNDVVNSQDGNDIVR(V),AGSGNDVVNSQDGNDIVR(V),AGSGNDVVNSQDGNDIVR,(R)AGSGNDVVNSQDGNDIVR(V),(R)FEFVAEAVK(L),(K)TFSDSADVKR(L),(K)ITTLPEYYLTR(T)
(K)LAGGVAVVK(V),LAGGVAVVK(V),LAGGVAVVK,(K)LAGGVAVVK(V),(R)DIGYYLR(M),(R)AYDFVSQEIR(A),(R)EAIAEPLNVIVEAVK(R)
(R)IIYNEQAR(R),IIYNEQAR(R),IIYNEQAR,(R)IIYNEQAR(R),(R)YLSPGELDQIK(T),(R)VAQVLSESR(E),(R)STTAEEVNAALK(S)
(R)FLSNSEIQAASGR(F),FLSNSEIQAASGR(F),FLSNSEIQAASGR,(R)FLSNSEIQAASGR(F),(R)IGISIPQSR(T),(R)LGANIGSAMGPTGLGK(Y),(R)TPPELAADIVDR(G)
(K)LAVNLIPFPR(L),LAVNLIPFPR(L),LAVNLIPFPR,(K)LAVNLIPFPR(L),(R)STTAEEVNAALK(S),(R)ADALVNGAAQAVYAK(Y),(K)AIEEVGGKVSLK(-)
(R)AYDFVSQEIR(A),AYDFVSQEIR(A),AYDFVSQEIR,(R)AYDFVSQEIR(A),(R)GQILPTGEK(T),(R)VQSAMDEGASQQAAYDAIPEK(L),(R)ETTETESQNYGYK(F)
(K)LNTDENPNVASQYGIR(S),LNTDENPNVASQYGIR(S),LNTDENPNVASQYGIR,(K)LNTDENPNVASQYGIR(S),(K)DGEFPEKVNEGR(V),(R)VPTPNVSAVDLVFESGR(A),(K)ALPDGGVIINTLNGDQNVAFFK(Q)
(R)IGISIPQSR(T),IGISIPQSR(T),IGISIPQSR,(R)IGISIPQSR(T),(R)ETTETESQNYGYK(F),(K)ATLSGTISK(Y),(R)YVSYALLAGDASVLQDR(C)
(K)VQDYAEIDGAPEER(E),VQDYAEIDGAPEER(E),VQDYAEIDGAPEER,(K)VQDYAEIDGAPEER(E),(K)QVGVPALVVALNK(C),(R)GVLNVAAVK(A),(R)LINLSGR(L)
(R)VAQVLSESR(E),VAQVLSESR(E),VAQVLSESR,(R)VAQVLSESR(E),(K)TFSDSADVK(R),(K)ITGVLYGR(K),(K)YGGAIPETYGVPVEEIQEGIR(N)
(K)DAFLGSPANNVK(V),DAFLGSPANNVK(V),DAFLGSPANNVK,(K)DAFLGSPANNVK(V),(K)VTLTSQSEGLNK(T),(R)GQVSLEAAK(V),(R)QTTLGYIDNLR(E)
(K)STDGQDFDEDDVEFV(-),STDGQDFDEDDVEFV(-),STDGQDFDEDDVEFV,(K)STDGQDFDEDDVEFV(-),(M)AAVSLSVSTVKPLGDR(V),(K)VSILGFGSFEPR(D),(K)FPSFSQGLAQDPTTR(R)
(K)DLDEGLAGDNCGLLLR(G),DLDEGLAGDNCGLLLR(G),DLDEGLAGDNCGLLLR,(K)DLDEGLAGDNCGLLLR(G),(K)METTHGNCSELISEASAYFDRVISAIG(-),(K)LAPTIQPR(A),(R)SVQATLQR(Y)
(R)SPTGEIIFGGETMR(F),SPTGEIIFGGETMR(F),SPTGEIIFGGETMR,(R)SPTGEIIFGGETMR(F),(R)ELIIGDR(Q),(R)ADIPFR(R),(K)MTGELICPVAIEQGMR(F)
(K)DGVFPEK(V),DGVFPEK(V),DGVFPEK,(K)DGVFPEK(V),(K)SVFDK(Y),(R)AAVEEGIVAGGGTTLLR(L),(R)VQLGQTLTR(G)
(K)TTLTAAITSVLAK(K),TTLTAAITSVLAK(K),TTLTAAITSVLAK,(K)TTLTAAITSVLAK(K),(R)FSCDGPGR(G),(R)EVEPALSNGNLLSQK(G),(K)SFIADGNK(R)
(R)IGENTNPAK(L),IGENTNPAK(L),IGENTNPAK,(R)IGENTNPAK(L),(R)GMQVADAQLR(M),(K)LAGGVAVIK(V),(R)KTEPALSMPDLD(-)
(R)LEDAINATK(A),LEDAINATK(A),LEDAINATK,(R)LEDAINATK(A),(K)ASVGVLEAR(R),(R)SLGTPLEALADSIR(E),(K)SKLETINPIN(-)
(R)LGANIGSAMGPTGLGK(Y),LGANIGSAMGPTGLGK(Y),LGANIGSAMGPTGLGK,(R)LGANIGSAMGPTGLGK(Y),(K)TEPSLSMPDLD(-),(K)TVTAMDVVYALKR(Q),(R)TIGAGVVSK(I)
(R)TSNFLDPK(S),TSNFLDPK(S),TSNFLDPK,(R)TSNFLDPK(S),(R)ALTTGVDYAQGLVALGGDDK(V),(K)ETYIALGVPTQSASR(A),(K)FGAPQIINDGVTIAK(E)
(K)ADLVNLVAAR(T),ADLVNLVAAR(T),ADLVNLVAAR,(K)ADLVNLVAAR(T),(K)LENYSAPFFR(L),(K)AVAELVDELAR(L),(K)AALEASVR(Y)
(R)EVEPALSNGNLLSQK(G),EVEPALSNGNLLSQK(G),EVEPALSNGNLLSQK,(R)EVEPALSNGNLLSQK(G),(R)KTEPSLSMPDLD(-),(R)DNIQGITKPAIR(R),(-)MASLFSTLQR(S)
(R)ELLSSYDFPGDDIPIVK(V),ELLSSYDFPGDDIPIVK(V),ELLSSYDFPGDDIPIVK,(R)ELLSSYDFPGDDIPIVK(V),(R)FVQAGSEVSALLGR(M),(R)LEDAINATK(A),(K)VDTVVGAVPK(A)
(R)ADIPFR(R),ADIPFR(R),ADIPFR,(R)ADIPFR(R),(-)MANETMGIALGMIETR(G),(R)GVLQVAAVR(A),(R)FSCDGPGR(G)
(R)GVLNVAAVK(A),GVLNVAAVK(A),GVLNVAAVK,(R)GVLNVAAVK(A),(K)TTQAEVPQSVLPDSVFK(A),(R)IISLLPFVNPEG(-),(R)NAEAESVIQTR(A)
(K)TVTAMDVVYALKR(Q),TVTAMDVVYALKR(Q),TVTAMDVVYALKR,(K)TVTAMDVVYALKR(Q),(R)GQATTLGNSLRR(V),(K)TFSDSADVK(R),(R)LAEGNTIQLFPES(-)
(R)LVTYGVVAGDVTPIEEIGVIGAR(E),LVTYGVVAGDVTPIEEIGVIGAR(E),LVTYGVVAGDVTPIEEIGVIGAR,(R)LVTYGVVAGDVTPIEEIGVIGAR(E),(R)LIFQYASFNNSR(S),(R)EVEPALGNGNLLGQK(D),(R)ALTTGVDYAQGLVALGGDDK(D)
(R)EVEPALGNGNLLGQK(D),EVEPALGNGNLLGQK(D),EVEPALGNGNLLGQK,(R)EVEPALGNGNLLGQK(D),(R)EVEPALGNGNFLGGQKD(-),(K)AQVFELPTGGAAEMNEGENLMYFAR(K),(R)VTIGPRGR(N)
(K)DLGDVSK(S),DLGDVSK(S),DLGDVSK,(K)DLGDVSK(S),(R)TVVPNLSLAMVWQR(Q),(R)ELIIGDR(Q),(K)LLSFSDDSR(S)
(K)VSILGFGSFEPR(D),VSILGFGSFEPR(D),VSILGFGSFEPR,(K)VSILGFGSFEPR(D),(-)MTQYEIDLEECSK(F),(K)DLGDVSKSDLVR(A),(K)EVQELIK(G)
(R)ADALVNGAAQAVYAK(Y),ADALVNGAAQAVYAK(Y),ADALVNGAAQAVYAK,(R)ADALVNGAAQAVYAK(Y),(K)MTGELICPVAIEQGMR(F),(R)DIGYYLR(M),(R)SIGNLR(L)
(K)VITETIPAGPSLLVK(V),VITETIPAGPSLLVK(V),VITETIPAGPSLLVK,(K)VITETIPAGPSLLVK(V),(K)ALPDGGVIINTLNGDQNVAFFK(Q),(R)FEFVAEAVK(L),(R)VLDTPEFTR(S)
(R)KEQCLALGTQLR(S),KEQCLALGTQLR(S),KEQCLALGTQLR,(R)KEQCLALGTQLR(S),(R)KEQCLALGTQLR(S),(K)LQNDVQPWQVR(R),(K)LTELETKPTVFETGIK(V)
(R)SLGTPLEALADSIR(E),SLGTPLEALADSIR(E),SLGTPLEALADSIR,(R)SLGTPLEALADSIR(E),(K)AIEEVGGK(V),(R)LVPGFEAPVNLVYSQGNR(S),(R)GMEKAVAQLVEELAR(L)
(K)AQVFELPTGGAAEMNEGENLMYFAR(K),AQVFELPTGGAAEMNEGENLMYFAR(K),AQVFELPTGGAAEMNEGENLMYFAR,(K)AQVFELPTGGAAEMNEGENLMYFAR(K),(R)KTEPSLSMPDLD(-),(K)SVFDK(Y),(K)ATLVIYDDLTK(Q)
(K)ETYIALGVPTQSASR(A),ETYIALGVPTQSASR(A),ETYIALGVPTQSASR,(K)ETYIALGVPTQSASR(A),(K)SASEGAMK(G),(K)ASDFLVTK(I),(R)DTVNLPK(A)
(R)VPTPNVSAVDLVFESGR(S),VPTPNVSAVDLVFESGR(S),VPTPNVSAVDLVFESGR,(R)VPTPNVSAVDLVFESGR(S),(K)ANLGFR(F),(R)IGISIPQSR(T),(R)IGENPNPAGLKFTTK(N)
(R)TGVEIVQR(S),TGVEIVQR(S),TGVEIVQR,(R)TGVEIVQR(S),(R)AQTGVFLIGPLER(G),(K)VITETIPAGPSLLVK(V),(R)GMEAIDTGAPISVPVGEATLGR(I)
(K)TTQAEVPQSVLPDSVFK(A),TTQAEVPQSVLPDSVFK(A),TTQAEVPQSVLPDSVFK,(K)TTQAEVPQSVLPDSVFK(A),(K)YSINVGGNR(G),(R)NVAAGANAISLK(K),(K)AVEHVIDK(L)
(K)TFSDSADVK(R),TFSDSADVK(R),TFSDSADVK,(K)TFSDSADVK(R),(R)GPNGLSLEK(L),(K)TTQAEVPQSVLPDSVFK(A),(K)FEGQVYVLK(K)
(R)LGIMQSVEPVLENAIK(T),LGIMQSVEPVLENAIK(T),LGIMQSVEPVLENAIK,(R)LGIMQSVEPVLENAIK(T),(K)DTTTIVAEGNEMAVK(G),(K)VTLTSQSEGLNK(T),(R)LVVGIPSGVTGVER(R)
(K)VTLTSESEGLNK(T),VTLTSESEGLNK(T),VTLTSESEGLNK,(K)VTLTSESEGLNK(T),(R)VVTPLGQPMDGKGEIPTTENR(L),(K)METTHGNCSELISEASAYFDRVISAIG(-),(R)GPNGLSLEK(L)
(K)ITGVLYGR(K),ITGVLYGR(K),ITGVLYGR,(K)ITGVLYGR(K),(K)VFLENVIRDAVTYTEHAR(R),(R)AAAMNLVPTSTGAASAVALVYPQMK(G),(K)YEEVQQLR(Q)
(K)ATLSGTISK(Y),ATLSGTISK(Y),ATLSGTISK,(K)ATLSGTISK(Y),(K)MTGELICPVAIEQGMR(F),(R)LNFTAFYEALLEAK(G),(R)IEVIGVGGGGSNAVNR(M)
(R)IISLLPFVNPEG(-),IISLLPFVNPEG(-),IISLLPFVNPEG,(R)IISLLPFVNPEG(-),(R)VALEACVK(A),(K)DLVADANSSSISTGSEFK(G),(K)DDENINSQPFQR(W)
(R)GQVSLEAAK(V),GQVSLEAAK(V),GQVSLEAAK,(R)GQVSLEAAK(V),(K)YGDLPLVSSDYAGTNESTIVDAALTMTIGDNMVKVVAWYDNEWGYSQR(V),(R)NVAAGASPIELR(R),(K)ANLGFR(F)
(K)QVGVPALVVALNK(C),QVGVPALVVALNK(C),QVGVPALVVALNK,(K)QVGVPALVVALNK(C),(K)EGIAKDEAEALK(K),(R)VNAISAGPIR(T),(R)VNFTIDETAVAEGATGRER(L)
(K)SVFDK(Y),SVFDK(Y),SVFDK,(K)SVFDK(Y),(K)GVDPLPDAE(-),(K)VIDLLAPYR(Q),(R)DKPVALSIVQAR(V)
(R)NVAAGANAISLK(K),NVAAGANAISLK(K),NVAAGANAISLK,(R)NVAAGANAISLK(K),(R)GLSSLTSMGLGK(R),(R)FVQAGSEVSALLGR(M),(R)TFELSPSWYVEALK(H)
(R)ELIIGDR(Q),ELIIGDR(Q),ELIIGDR,(R)ELIIGDR(Q),(K)THAEEELY(-),(R)IPLTGPSPK(A),(K)IASVPVGEAMLGR(V)
(R)ETTETESQNYGYK(F),ETTETESQNYGYK(F),ETTETESQNYGYK,(R)ETTETESQNYGYK(F),(R)LPTQIPR(Q),(R)VVTPLGQPMDGKGEIPTTENR(L),(K)IASQSIYSQPEANESGAR(I)
(M)SIVSNSIINADAEAR(Y),SIVSNSIINADAEAR(Y),SIVSNSIINADAEAR,(M)SIVSNSIINADAEAR(Y),(R)TVGEAGENQTK(V),(R)VYLGSETTRSMGLAY(-),(R)GQATTLGNSLRR(V)
(M)AAVSLSVSTVKPLGDR(V),AAVSLSVSTVKPLGDR(V),AAVSLSVSTVKPLGDR,(M)AAVSLSVSTVKPLGDR(V),(R)ETYSSDGVFR(S),(R)VQSAMDEGASQQAAYEAIPEK(L),(K)AMLPVYESK(N)
(R)DNIQGITKPAIR(R),DNIQGITKPAIR(R),DNIQGITKPAIR,(R)DNIQGITKPAIR(R),(R)QTTLGYIDNLR(E),(R)AVAMSGTDGLVR(G),(R)TLQTNIESIQAR(K)
(K)LQNDVQPWQVR(R),LQNDVQPWQVR(R),LQNDVQPWQVR,(K)LQNDVQPWQVR(R),(R)DKPVALSIVQAR(L),(K)FGAPQIINDGVTIAK(E),(R)VAQVLCESR(E)
(R)LDDGQPLVEVARK(M),LDDGQPLVEVARK(M),LDDGQPLVEVARK,(R)LDDGQPLVEVARK(M),(R)LINLSGR(L),(R)STTAEEVNAALK(S),(R)GKEFEVVAINDLTDNK(M)
(R)LVPGFEAPVNLVYSQGNR(S),LVPGFEAPVNLVYSQGNR(S),LVPGFEAPVNLVYSQGNR,(R)LVPGFEAPVNLVYSQGNR(S),(K)AYTALLDLKPGDEFEIK(L),(R)GQILPTGEK(T),(R)GGLDLTKDDENINSQPFQR(W)
(K)AGQIAASPRTEDCVGCK(R),AGQIAASPRTEDCVGCK(R),AGQIAASPRTEDCVGCK,(K)AGQIAASPRTEDCVGCK(R),(K)TPLTEAVAAADSQGR(F),(K)EGVISLEEGK(S),(K)GIIDPTK(V)
(R)IEEGGNLAYK(I),IEEGGNLAYK(I),IEEGGNLAYK,(R)IEEGGNLAYK(I),(K)VDTVVGAVPK(A),(K)ALPDGGVIINTLNGDQNVAFFK(Q),(K)LTALTMPETEVFLTEGEVR(K)
(R)ALTVPELTQQMFDAK(N),ALTVPELTQQMFDAK(N),ALTVPELTQQMFDAK,(R)ALTVPELTQQMFDAK(N),(R)LAEGNTIQLFPES(-),(R)NVVLEK(K),(R)GIDILAESVAVTLGPK(G)
(K)ASDFLVTK(I),ASDFLVTK(I),ASDFLVTK,(K)ASDFLVTK(I),(K)ATLVIYDDLTK(Q),(K)LENYSAPFFR(L),(R)QVIGPVLDVEFPAGK(L)
(R)AAVEEGIVAGGGTTLLR(L),AAVEEGIVAGGGTTLLR(L),AAVEEGIVAGGGTTLLR,(R)AAVEEGIVAGGGTTLLR(L),(K)YPFTTQMSGPNYAATAEGK(A),(K)RCETACPTDFLSIR(V),(K)DENRDAVNAR(V)
(K)AQVFELPTGGAAEMNEGENLMYFAR(K),AQVFELPTGGAAEMNEGENLMYFAR(K),AQVFELPTGGAAEMNEGENLMYFAR,(K)AQVFELPTGGAAEMNEGENLMYFAR(K),(K)QLSVNSRTSELEIGR(L),(R)GMQVADAQLR(M),(R)VNYTVDETAVGEGGSAR(E)
(K)AVAELVDELAR(L),AVAELVDELAR(L),AVAELVDELAR,(K)AVAELVDELAR(L),(R)SPTGEIIFGGETMR(F),(R)YVSYAVLAGDASVLQDR(A),(R)QTTLGYIDNLRESFVPEDR(S)
(R)VVTPLGQPMDGKGEIPTTENR(L),VVTPLGQPMDGKGEIPTTENR(L),VVTPLGQPMDGKGEIPTTENR,(R)VVTPLGQPMDGKGEIPTTENR(L),(K)EMVVDSNGSSISAGTEFK(G),(K)TEPSLSMPDLD(-),(R)DWVSNMEDTHYALGTACGPHPFPEIVSYFQSIVGKESREQLLANGAK(L)
(R)VQSAMDEGASQQAAYDAIPEK(L),VQSAMDEGASQQAAYDAIPEK(L),VQSAMDEGASQQAAYDAIPEK,(R)VQSAMDEGASQQAAYDAIPEK(L),(K)LAQQETGEIK(G),(R)IIEGLTR(K),(K)EIDLEDPFENIGAK(L)
(R)VAINGFGR(I),VAINGFGR(I),VAINGFGR,(R)VAINGFGR(I),(K)FEGQVYVLK(K),(R)KTEPSLSMPDLD(-),(K)SGQPLFFGEGAYANLSQTAR(W)
(R)DIGYYLR(M),DIGYYLR(M),DIGYYLR,(R)DIGYYLR(M),(R)MVAPIVDEIAK(E),(R)ALTTGVDYAQGLVALGGDDK(V),(R)IKDLTDDELTR(I)
(R)LIFQYASFNNSR(S),LIFQYASFNNSR(S),LIFQYASFNNSR,(R)LIFQYASFNNSR(S),(K)AQLGEAFSFDR(E),(K)LQEQQNAQQVER(L),(R)QWELSYR(L)
(K)VIDLLAPYR(Q),VIDLLAPYR(Q),VIDLLAPYR,(K)VIDLLAPYR(Q),(K)TCGGPPNGIQVER(D),(K)AVAEVVGELAQLSK(A),(K)TPASYEYNVAVTK(E)
(R)YLSPGELDQIK(T),YLSPGELDQIK(T),YLSPGELDQIK,(R)YLSPGELDQIK(T),(K)LKGVDPLPDAE(-),(R)VTIGPRGR(N),(R)AIEAAQAAISSPLLEAAR(I)
(K)LAGGVAVIK(V),LAGGVAVIK(V),LAGGVAVIK,(K)LAGGVAVIK(V),(K)QAGGQLFQK(R),(R)SYAGEIFLR(H),(R)TREGNDLYEEFKESGVINSDDLSK(S)
(R)VVDLAELVAK(N),VVDLAELVAK(N),VVDLAELVAK,(R)VVDLAELVAK(N),(R)FPTQNDLEAVQGNIQR(A),(R)GANTGIEVVGINVTSDPK(T),(K)FEQPGFFSK(S)
(R)GQILPTGEK(T),GQILPTGEK(T),GQILPTGEK,(R)GQILPTGEK(T),(K)AAVEQLFDVR(V),(R)IDPELIGTVIGPGGR(T),(R)TREGNDLYEEFKESGVINADDLTQSK(V)
(K)DLVADANSSSISTGSEFK(G),DLVADANSSSISTGSEFK(G),DLVADANSSSISTGSEFK,(K)DLVADANSSSISTGSEFK(G),(R)LEAADKLAAGLDK(V),(R)IEEGGNLAYK(I),(R)LSGGDQLHTGTVVGK(L)
(R)IGENPNPASIK(F),IGENPNPASIK(F),IGENPNPASIK,(R)IGENPNPASIK(F),(R)SGAGNVHSGDAVTGGHF(-),(R)ATILADLEDAEER(L),(R)SIIEK(D)
(X)LVPGFEAPVNLVYSK(G),LVPGFEAPVNLVYSK(G),LVPGFEAPVNLVYSK,(X)LVPGFEAPVNLVYSK(G),(R)VFPGGDTEFLHPK(D),(R)KTEPSLSMPDLD(-),(K)QAGGQLFQK(R)
(K)RLDDGQPLVEVAR(K),RLDDGQPLVEVAR(K),RLDDGQPLVEVAR,(K)RLDDGQPLVEVAR(K),(K)ENNINLTADQAEAALK(Q),(R)VALEACVK(A),(R)VEDALNATR(A)
(K)QGTAAITSSK(T),QGTAAITSSK(T),QGTAAITSSK,(K)QGTAAITSSK(T),(K)NATPLVEVR(A),(K)ATLVIYDDLTK(Q),(R)IIYNEQARR(A)
(R)FVQAGSEVSALLGR(M),FVQAGSEVSALLGR(M),FVQAGSEVSALLGR,(R)FVQAGSEVSALLGR(M),(R)TSNFLDPKSR(A),(K)DTTTIVAEGNEMAVK(G),(K)AFVTGGQR(R)
(R)QTTLGYIDNLR(E),QTTLGYIDNLR(E),QTTLGYIDNLR,(R)QTTLGYIDNLR(E),(K)DDENINSQPFQR(W),(K)ASVGTAWQEVK(L),(K)AGVEIVK(K)
(K)METTHGNCSELISEASAYFDRVISAIG(-),METTHGNCSELISEASAYFDRVISAIG(-),METTHGNCSELISEASAYFDRVISAIG,(K)METTHGNCSELISEASAYFDRVISAIG(-),(R)ILSQAFGLINER(T),(K)VDTVVGAVPK(A),(R)QAAEGISR(L)
(K)MTGELICPVAIEQGMR(F),MTGELICPVAIEQGMR(F),MTGELICPVAIEQGMR,(K)MTGELICPVAIEQGMR(F),(R)VVTPLGQPMDGKGEIPTTENR(L),(R)ALNGLR(E),(R)INAQGQLDVALESLQR(I)
(K)FGAPQIINDGVTIAK(E),FGAPQIINDGVTIAK(E),FGAPQIINDGVTIAK,(K)FGAPQIINDGVTIAK(E),(K)EMVVDSNGSSISAGTEFK(G),(K)SASEGAMK(G),(R)TNNMNMK(R)
(R)GLVPAIEAADAMTKAAEVR(L),GLVPAIEAADAMTKAAEVR(L),GLVPAIEAADAMTKAAEVR,(R)GLVPAIEAADAMTKAAEVR(L),(X)AICFTIAFIAAPPVDIDGIR(E),(R)ATGASFHNTNTNTMAK(K),(R)LSEIPQFAGVDVWGR(L)
(R)IPLTGPSPK(A),IPLTGPSPK(A),IPLTGPSPK,(R)IPLTGPSPK(A),(R)ENAAAAVAVSNATR(L),(R)DKPVALSIVQAR(L),(K)GEIATSETR(L)
(K)AIEGMQP(-),AIEGMQP(-),AIEGMQP,(K)AIEGMQP(-),(R)SNAPVRSK(S),(R)QTTLGYIDNLR(E),(K)GVVRQVIGPVLDVEFPAGK(L)
(R)GVLQVAAVR(A),GVLQVAAVR(A),GVLQVAAVR,(R)GVLQVAAVR(A),(K)QLQNISSASK(L),(R)EAIAEPLNVIVEAVK(R),(R)YVSYALLAGDPSVLEDR(C)
(R)VALEACVK(A),VALEACVK(A),VALEACVK,(R)VALEACVK(A),(R)GGLDLTKDDENINSQPFQR(W),(K)LGEVGEK(I),(R)ALSITQGR(A)
(M)TPTSPLR(I),TPTSPLR(I),TPTSPLR,(M)TPTSPLR(I),(R)EETVRSFK(R),(K)AISADSSGGFIGGAELSQLK(A),(R)SINLQAGDLR(E)
(K)LAPTIQPR(A),LAPTIQPR(A),LAPTIQPR,(K)LAPTIQPR(A),(R)NEGRDLEKESR(D),(R)TPPELAADIVDR(G),(R)GLGAGGNPSIGQK(A)
(R)AVLMDLEPGTMDSVR(A),AVLMDLEPGTMDSVR(A),AVLMDLEPGTMDSVR,(R)AVLMDLEPGTMDSVR(A),(R)TGGDPIELFESAVK(N),(K)TPLTEAVAAADSQGR(F),(R)ISDNVALVPSLA(-)
(R)GQATTLGNSLRR(V),GQATTLGNSLRR(V),GQATTLGNSLRR,(R)GQATTLGNSLRR(V),(M)PGDILAITLKPGEK(Y),(K)AYTALLDLKPGDEFEIK(L),(R)TREGNDLYEEFK(E)
(K)LQEQQNAQQVER(L),LQEQQNAQQVER(L),LQEQQNAQQVER,(K)LQEQQNAQQVER(L),(R)YGGGATSIVVENDGPNLR(I),(K)APNVPPPDVTVANPPADLVTR(K),(R)GDANDVESQR(L)
(K)EGVISLEEGK(S),EGVISLEEGK(S),EGVISLEEGK,(K)EGVISLEEGK(S),(K)GTNVVSIK(T),(R)TFELSPSWYVEALK(H),(K)NQIDPGDGEDR(D)
(K)AVAEVVGELAQLSK(A),AVAEVVGELAQLSK(A),AVAEVVGELAQLSK,(K)AVAEVVGELAQLSK(A),(K)LAAELMDAANEAGSAVR(K),(K)THAEEELY(-),(R)IYVGWFGVLMVPTLLAAAICFTIAFIAAPPVDIDGIR(E)
(K)GLIDDVPEDQVTQFSR(E),GLIDDVPEDQVTQFSR(E),GLIDDVPEDQVTQFSR,(K)GLIDDVPEDQVTQFSR(E),(K)QAQAYR(Q),(K)YGDLPLVSSDYAGTNESTIVDAALTMTIGDNMVKVVAWYDNEWGYSQR(V),(R)EVSEKTGVSIQTLSR(I)
(R)ATILADLEDAEER(L),ATILADLEDAEER(L),ATILADLEDAEER,(R)ATILADLEDAEER(L),(R)AVTSR(S),(K)LGDETTR(R),(K)DHQVEGDLR(R)
(R)STTAEEVNAALK(S),STTAEEVNAALK(S),STTAEEVNAALK,(R)STTAEEVNAALK(S),(R)NIDTFIDEIQR(R),(K)IASVPVGDAMLGR(V),(R)EAAVADPANFDPR(H)
(R)VFPGGDTEFLHPK(D),VFPGGDTEFLHPK(D),VFPGGDTEFLHPK,(R)VFPGGDTEFLHPK(D),(-)VAGGVDRDSGHK(I),(K)YGGAIPETYGVPVEEIQEGIR(N),(R)LVPGFEAPVNLVYSEGNR(S)
(R)NVVLEK(K),NVVLEK(K),NVVLEK,(R)NVVLEK(K),(K)TCGGPPNGIQVERDR(L),(R)VAQVLSESRER(I),(M)TISPPER(G)
(R)VNFTIDETAVAEGGSTR(E),VNFTIDETAVAEGGSTR(E),VNFTIDETAVAEGGSTR,(R)VNFTIDETAVAEGGSTR(E),(A)PTIQPR(A),(K)SVSVSNVGTVLQIGDGIAR(V),(R)QIKDEGIELIDLK(F)
(R)LNFTAFYEALLEAK(G),LNFTAFYEALLEAK(G),LNFTAFYEALLEAK,(R)LNFTAFYEALLEAK(G),(V)AIMK(A),(R)WIYGSTTQTTGYVPETVIR(-),(R)EQLLANGAK(L)
(K)MTGELICPVAIEQGMR(F),MTGELICPVAIEQGMR(F),MTGELICPVAIEQGMR,(K)MTGELICPVAIEQGMR(F),(L)DAFSR(Q),(R)VGLLGDDFVLNPSYR(E),(K)MLTGVNTLANAVKVTLGPK(G)
(K)VTLTSQSEGLNK(T),VTLTSQSEGLNK(T),VTLTSQSEGLNK,(K)VTLTSQSEGLNK(T),(I)AAADSGSR(F),(R)VQSAMDEGASQQAAYEAIPEK(L),(M)NLFDYEDGR(E)
(K)ATLVIYDDLTK(Q),ATLVIYDDLTK(Q),ATLVIYDDLTK,(K)ATLVIYDDLTK(Q),(L)INLSGR(L),(R)GMEALDTGAPISVPVGEATLGR(I),(R)GQAITLGNALR(R)
(K)RCETACPTDFLSIR(V),RCETACPTDFLSIR(V),RCETACPTDFLSIR,(K)RCETACPTDFLSIR(V),(R)LVPAGE(V),(K)FGAPDIVNDGVTIAR(E),(K)VGGATEVEVK(E)
(R)GMQVADAQLR(M),GMQVADAQLR(M),GMQVADAQLR,(R)GMQVADAQLR(M),(R)EGISPNFR(G),(R)EIELDDPFENLGAK(L),(K)QAQAYR(Q)
(K)ALPDGGVIINTLNGDQNVAFFK(Q),ALPDGGVIINTLNGDQNVAFFK(Q),ALPDGGVIINTLNGDQNVAFFK,(K)ALPDGGVIINTLNGDQNVAFFK(Q),(S)PNFR(G),(K)NQIDPGEGFDEDLFELPAER(L),(R)AYDDASSVTAAFNR(N)
(R)ALTTGVDYAQGLVALGGDDK(V),ALTTGVDYAQGLVALGGDDK(V),ALTTGVDYAQGLVALGGDDK,(R)ALTTGVDYAQGLVALGGDDK(V),(E)FVAEAVK(L),(K)YSINVGGNR(G),(K)EGYFPVAPNDTAQDIR(S)
(R)AAAMNLVPTSTGAASAVALVYPQMK(G),AAAMNLVPTSTGAASAVALVYPQMK(G),AAAMNLVPTSTGAASAVALVYPQMK,(R)AAAMNLVPTSTGAASAVALVYPQMK(G),(S)EICLR(Y),(K)LAQQETGEIK(G),(K)SVTKEEINAAMK(A)
(M)NEGENLMYFAR(K),NEGENLMYFAR(K),NEGENLMYFAR,(M)NEGENLMYFAR(K),(A)VAIMK(A),(R)ILADIQDGTFAK(N),(R)LVLYIGSSIGNFDPADATGLLR(R)
(R)EIELDDPFENLGAK(L),EIELDDPFENLGAK(L),EIELDDPFENLGAK,(R)EIELDDPFENLGAK(L),(A)NLGFR(F),(K)AALEASVR(Y),(K)AALVYGQMDEPPGVR(L)
(K)GLNPK(T),GLNPK(T),GLNPK,(K)GLNPK(T),(V)NLVAAR(T),(K)TLSLICSIQEPR(T),(V)AIMK(A)
(R)VNAISAGPIR(T),VNAISAGPIR(T),VNAISAGPIR,(R)VNAISAGPIR(T),(A)ADSGSR(F),(K)VLDQTFGINK(G),(I)PTLMVFK(G)
(K)TLSLICSIQEPR(S),TLSLICSIQEPR(S),TLSLICSIQEPR,(K)TLSLICSIQEPR(S),(V)PAGEVDEE(-),(R)ETFGALGVPTGSAAR(A),(E)FVAEAVK(L)
(R)NLNDDELSQIAGYILTAPK(V),NLNDDELSQIAGYILTAPK(V),NLNDDELSQIAGYILTAPK,(R)NLNDDELSQIAGYILTAPK(V),(E)NLPLGPK(K),(K)NATPLVEVR(A),(A)VAIMK(A)
(K)LAQQETGEIK(G),LAQQETGEIK(G),LAQQETGEIK,(K)LAQQETGEIK(G),(T)PQAIAR(F),(K)GLIDDVPEDQVTQFSR(E),(A)NLGFR(F)
(K)TCGGPPNGIQVER(D),TCGGPPNGIQVER(D),TCGGPPNGIQVER,(K)TCGGPPNGIQVER(D),(F)LENVIR(D),(R)LAEGNTIQLFPES(-),(D)ENLPLGPK(T)
(K)AQLGEAFSFDR(E),AQLGEAFSFDR(E),AQLGEAFSFDR,(K)AQLGEAFSFDR(E),(Q)AGEYTTFK(G),(K)NFGSKSADEVIEALER(I),(L)LNEGIR(A)
(K)DFGYSFPCDGPGRGGTCDISAWDAFYLAVFWALNTIAWTQYYWHWK(H),DFGYSFPCDGPGRGGTCDISAWDAFYLAVFWALNTIAWTQYYWHWK(H),DFGYSFPCDGPGRGGTCDISAWDAFYLAVFWALNTIAWTQYYWHWK,(K)DFGYSFPCDGPGRGGTCDISAWDAFYLAVFWALNTIAWTQYYWHWK(H),(L)PLYR(E),(K)GVDPLPDAE(-),(V)AALIEAR(Q)
(K)DTTTIVAEGNEMAVK(G),DTTTIVAEGNEMAVK(G),DTTTIVAEGNEMAVK,(K)DTTTIVAEGNEMAVK(G),(S)NFLDPK(S),(R)ILSQAFGLINER(T),(E)NLPLGPK(T)
(K)YSINVGGNR(G),YSINVGGNR(G),YSINVGGNR,(K)YSINVGGNR(G),(T)SNFLDPK(S),(K)TCGGPPNGIQVER(D),(T)PQAIAR(F)
(R)TMVAPTSSPPMR(-),TMVAPTSSPPMR(-),TMVAPTSSPPMR,(R)TMVAPTSSPPMR(-),(V)LLNEGIR(A),(R)ALSITQGR(A),(K)QAGEYTTFK(G)
(R)NVAAGASPIELR(R),NVAAGASPIELR(R),NVAAGASPIELR,(R)NVAAGASPIELR(R),(M)LDAFSR(Q),(R)TGGDPIELFETAVK(N),(L)PLYR(E)
(R)KTEPALSMPDLD(-),KTEPALSMPDLD(-),KTEPALSMPDLD,(R)KTEPALSMPDLD(-),(E)ICLR(Y),(K)EMVVDSNGSSISAGTEFK(G),(F)PCDGPGR(G)
(R)LEIQAIADDVSSK(Y),LEIQAIADDVSSK(Y),LEIQAIADDVSSK,(R)LEIQAIADDVSSK(Y),(L)TGSDLLTK(V),(K)DLVADANSSSISTGSEFKGQTR(T),(I)GCTQCVR(A)
(R)SVQATLQR(Y),SVQATLQR(Y),SVQATLQR,(R)SVQATLQR(Y),(A)AADSGSR(F),(K)AMLPVYESK(D),(D)AFSR(K)
(K)SVSVSNVGTVLQIGDGIAR(V),SVSVSNVGTVLQIGDGIAR(V),SVSVSNVGTVLQIGDGIAR,(K)SVSVSNVGTVLQIGDGIAR(V),(F)SDSADVKR(L),(R)VLDTPEFTR(S),(A)PTIQPR(A)
(K)AYTALLDLKPGDEFEIK(L),AYTALLDLKPGDEFEIK(L),AYTALLDLKPGDEFEIK,(K)AYTALLDLKPGDEFEIK(L),(F)PCDGPGR(G),(K)AALADIAVLTGGTVISEDR(A),
(K)APNVPPPDVTVANPPADLVTR(K),APNVPPPDVTVANPPADLVTR(K),APNVPPPDVTVANPPADLVTR,(K)APNVPPPDVTVANPPADLVTR(K),(I)SPNFR(G),(K)GGQPLFFGEGTYANLSQTAR(W),
(R)FLYSDDGVDFLK(N),FLYSDDGVDFLK(N),FLYSDDGVDFLK,(R)FLYSDDGVDFLK(N),(L)GNLIK(S),(K)TVLGE(-),
(R)EIALAR(L),EIALAR(L),EIALAR,(R)EIALAR(L),(D)AFSR(Q),(K)VEDVVK(V),
(M)SIMNSFVNDIFER(I),SIMNSFVNDIFER(I),SIMNSFVNDIFER,(M)SIMNSFVNDIFER(I),(L)IIGDR(Q),(K)LTELETKPTVFETGIK(V),
(K)VDTVVGAVPK(A),VDTVVGAVPK(A),VDTVVGAVPK,(K)VDTVVGAVPK(A),(T)SAAPAR(K),(R)SPTGEIIFGGETMR(F),
(R)TVGEAGENQTK(V),TVGEAGENQTK(V),TVGEAGENQTK,(R)TVGEAGENQTK(V),(I)DLEECSK(F),(R)FLISDEGIAFLK(N),
(R)LAEGNTIQLFPES(-),LAEGNTIQLFPES(-),LAEGNTIQLFPES,(R)LAEGNTIQLFPES(-),,(K)FSQSLAQDPATR(R),
(K)FEGQVYVLK(K),FEGQVYVLK(K),FEGQVYVLK,(K)FEGQVYVLK(K),,(K)ADFAPSR(I),
(R)GCAPRDMSPQALNEYK(S),GCAPRDMSPQALNEYK(S),GCAPRDMSPQALNEYK,(R)GCAPRDMSPQALNEYK(S),,(R)LVVGIPSGVTGVER(R),
(R)LDLNTSFTGEDLLK(T),LDLNTSFTGEDLLK(T),LDLNTSFTGEDLLK,(R)LDLNTSFTGEDLLK(T),,(K)APEASLEK(K),
(K)DDENINSQPFQR(W),DDENINSQPFQR(W),DDENINSQPFQR,(K)DDENINSQPFQR(W),,(K)IVSLAPEVI(-),
(R)VVTPLGQPMDGKGEIPTTENR(L),VVTPLGQPMDGKGEIPTTENR(L),VVTPLGQPMDGKGEIPTTENR,(R)VVTPLGQPMDGKGEIPTTENR(L),,(K)DDENINSQPFQR(W),
(R)EAIAEPLNVIVEAVK(R),EAIAEPLNVIVEAVK(R),EAIAEPLNVIVEAVK,(R)EAIAEPLNVIVEAVK(R),,(K)VTQADLGQARR(I),
(R)RIGENTNPAK(L),RIGENTNPAK(L),RIGENTNPAK,(R)RIGENTNPAK(L),,(K)DEAETVKK(A),
(R)GMEALDTGAPISVPVGEATLGR(I),GMEALDTGAPISVPVGEATLGR(I),GMEALDTGAPISVPVGEATLGR,(R)GMEALDTGAPISVPVGEATLGR(I),,(R)TSNFLDPKSR(A),
(K)NQIDPGEGFDEDLFELPAER(L),NQIDPGEGFDEDLFELPAER(L),NQIDPGEGFDEDLFELPAER,(K)NQIDPGEGFDEDLFELPAER(L),,(R)IPLTGPNPK(A),
(K)TDDILESLK(T),TDDILESLK(T),TDDILESLK,(K)TDDILESLK(T),,(K)SLGGEVVGEDYLPLGNTEVAPIIAK(I),
(K)SASEGAMK(G),SASEGAMK(G),SASEGAMK,(K)SASEGAMK(G),,(R)STTAEEVNAALKSASEGAMK(G),
(R)LDKGFNAVSSTYEDLLK(A),LDKGFNAVSSTYEDLLK(A),LDKGFNAVSSTYEDLLK,(R)LDKGFNAVSSTYEDLLK(A),,(R)QVIGPVLDVEFPAGK(L),
(K)IASVPVGDAMLGR(V),IASVPVGDAMLGR(V),IASVPVGDAMLGR,(K)IASVPVGDAMLGR(V),,(R)ALTTGVEYAQGLVALGGDDK(E),
(K)EVDEQMLNVQNK(N),EVDEQMLNVQNK(N),EVDEQMLNVQNK,(K)EVDEQMLNVQNK(N),,(K)EMVVDSNGSSISAGTEFK(G),
(R)VTIGPRGR(N),VTIGPRGR(N),VTIGPRGR,(R)VTIGPRGR(N),,(-)MAAIDLSNVTK(V),
(R)TPPELAADIVDR(G),TPPELAADIVDR(G),TPPELAADIVDR,(R)TPPELAADIVDR(G),,(M)IQQESFLTVADNSGAK(R),
(R)GIDILAESVAVTLGPK(G),GIDILAESVAVTLGPK(G),GIDILAESVAVTLGPK,(R)GIDILAESVAVTLGPK(G),,(R)AAAAGFEK(G),
(R)GPNGLSLEK(L),GPNGLSLEK(L),GPNGLSLEK,(R)GPNGLSLEK(L),,(M)VYGEAIVVFDPSLSEAVEYLQK(Q),
(R)SALAGLQSQK(T),SALAGLQSQK(T),SALAGLQSQK,(R)SALAGLQSQK(T),,(R)DFSTFLSTGDVNIDR(A),
(R)AWMSTADQPHENFVFPEEVMPRGNAL(-),AWMSTADQPHENFVFPEEVMPRGNAL(-),AWMSTADQPHENFVFPEEVMPRGNAL,(R)AWMSTADQPHENFVFPEEVMPRGNAL(-),,(K)TPASYEYNVEVTK(E),
(K)YPFTTQMSGPNYAATAEGK(A),YPFTTQMSGPNYAATAEGK(A),YPFTTQMSGPNYAATAEGK,(K)YPFTTQMSGPNYAATAEGK(A),,(R)GGLDLTKDDENINSQPFQR(W),
(K)GVDPLPDAE(-),GVDPLPDAE(-),GVDPLPDAE,(K)GVDPLPDAE(-),,(K)VNEGEVFNGTITR(I),
(R)VQLGQTLTR(G),VQLGQTLTR(G),VQLGQTLTR,(R)VQLGQTLTR(G),,(-)MAAIDLSNVTK(V),
(K)TPLTEAVAAADSQGR(F),TPLTEAVAAADSQGR(F),TPLTEAVAAADSQGR,(K)TPLTEAVAAADSQGR(F),,(K)SYDVEVIDVR(R),
(K)STELLIR(K),STELLIR(K),STELLIR,(K)STELLIR(K),,(R)DSISNTAEYGDYVSGPR(L),
(K)LLSFSDDSR(S),LLSFSDDSR(S),LLSFSDDSR,(K)LLSFSDDSR(S),,(-)MLLNLTGK(K),
(K)LGVSTSQLPGGEIVPALQK(G),LGVSTSQLPGGEIVPALQK(G),LGVSTSQLPGGEIVPALQK,(K)LGVSTSQLPGGEIVPALQK(G),,(K)AVNANSKTLGNNFK(A),
(R)LQEILAPEIIVR(N),LQEILAPEIIVR(N),LQEILAPEIIVR,(R)LQEILAPEIIVR(N),,(K)NQISPGDGEDRDLFELAAEELEK(I),
(K)QANFAPSK(I),QANFAPSK(I),QANFAPSK,(K)QANFAPSK(I),,(R)SINLQAGDLR(E),
(R)VQSAMDEGASQQAAYEAIPEK(L),VQSAMDEGASQQAAYEAIPEK(L),VQSAMDEGASQQAAYEAIPEK,(R)VQSAMDEGASQQAAYEAIPEK(L),,(K)ADYLGVVEQLEK(Q),
(K)MTDTAVEGIR(A),MTDTAVEGIR(A),MTDTAVEGIR,(K)MTDTAVEGIR(A),,(K)AASVANVVEVLREK(G),
(R)IPLTGPNPK(A),IPLTGPNPK(A),IPLTGPNPK,(R)IPLTGPNPK(A),,(K)LNAEAQTK(L),
(K)YGDLPLVSSDYAGTNESTIVDAALTMTIGDNMVKVVAWYDNEWGYSQR(V),YGDLPLVSSDYAGTNESTIVDAALTMTIGDNMVKVVAWYDNEWGYSQR(V),YGDLPLVSSDYAGTNESTIVDAALTMTIGDNMVKVVAWYDNEWGYSQR,(K)YGDLPLVSSDYAGTNESTIVDAALTMTIGDNMVKVVAWYDNEWGYSQR(V),,(R)EAAVADPANFDPR(H),
(R)IDPELIGTVIGPGGR(T),IDPELIGTVIGPGGR(T),IDPELIGTVIGPGGR,(R)IDPELIGTVIGPGGR(T),,(R)HANDMATLLSER(I),
(K)AMLPVYESK(D),AMLPVYESK(D),AMLPVYESK,(K)AMLPVYESK(D),,(K)TCGGPPNGIQVERDR(L),
(K)GLEGQFAVESYMACGTGLCQGCVIETTK(N),GLEGQFAVESYMACGTGLCQGCVIETTK(N),GLEGQFAVESYMACGTGLCQGCVIETTK,(K)GLEGQFAVESYMACGTGLCQGCVIETTK(N),,(K)FTDLHGK(W),
(K)IVSLAPEVI(-),IVSLAPEVI(-),IVSLAPEVI,(K)IVSLAPEVI(-),,(R)AIPNYNVMGVAK(A),
(K)AAVEQLFDVR(V),AAVEQLFDVR(V),AAVEQLFDVR,(K)AAVEQLFDVR(V),,(-)VPAQAETTSPVR(W),
(R)VQSAMDEGASQQAAYEAIPEK(L),VQSAMDEGASQQAAYEAIPEK(L),VQSAMDEGASQQAAYEAIPEK,(R)VQSAMDEGASQQAAYEAIPEK(L),,(A)PTIQPR(A),
(R)IGENPNPASIKFSGR(N),IGENPNPASIKFSGR(N),IGENPNPASIKFSGR,(R)IGENPNPASIKFSGR(N),,(I)LPGELAK(H),
(K)EMVVDSNGSSISAGTEFK(G),EMVVDSNGSSISAGTEFK(G),EMVVDSNGSSISAGTEFK,(K)EMVVDSNGSSISAGTEFK(G),,(V)AIMK(A),
(K)DLVADANSSSISTGSEFKGQTR(T),DLVADANSSSISTGSEFKGQTR(T),DLVADANSSSISTGSEFKGQTR,(K)DLVADANSSSISTGSEFKGQTR(T),,(L)DAFSR(Q),
(K)LTELETKPTVFETGIK(V),LTELETKPTVFETGIK(V),LTELETKPTVFETGIK,(K)LTELETKPTVFETGIK(V),,(I)EGLTR(K),
(K)VDLSTK(L),VDLSTK(L),VDLSTK,(K)VDLSTK(L),,(F)ISLGNR(R),
(R)TSLCCSRIK(T),TSLCCSRIK(T),TSLCCSRIK,(R)TSLCCSRIK(T),,(I)PTLMVFK(G),
(K)ILVTGIANNR(S),ILVTGIANNR(S),ILVTGIANNR,(K)ILVTGIANNR(S),,(L)DAFSR(Q),
(K)LKGVDPLPDAE(-),LKGVDPLPDAE(-),LKGVDPLPDAE,(K)LKGVDPLPDAE(-),,(R)LVPAGE(V),
(-)VVGSPIPR(I),VVGSPIPR(I),VVGSPIPR,(-)VVGSPIPR(I),,(R)EGISPNFR(G),
(R)ILSQAFGLINER(T),ILSQAFGLINER(T),ILSQAFGLINER,(R)ILSQAFGLINER(T),,(S)PNFR(G),
(K)ADFAPSR(I),ADFAPSR(I),ADFAPSR,(K)ADFAPSR(I),,(Y)LGDETSR(S),
(R)WIYGSTTQTTGYVPETVIR(-),WIYGSTTQTTGYVPETVIR(-),WIYGSTTQTTGYVPETVIR,(R)WIYGSTTQTTGYVPETVIR(-),,(S)EICLR(Y),
(R)QTTLGYIDNLRESFVPEDR(S),QTTLGYIDNLRESFVPEDR(S),QTTLGYIDNLRESFVPEDR,(R)QTTLGYIDNLRESFVPEDR(S),,(A)VAIMK(A),
(R)VGLLGDDFVLNPSYR(E),VGLLGDDFVLNPSYR(E),VGLLGDDFVLNPSYR,(R)VGLLGDDFVLNPSYR(E),,(L)LNEGIR(A),
(K)GIADEFIR(T),GIADEFIR(T),GIADEFIR,(K)GIADEFIR(T),,(I)GYYLR(M),
(K)IIEGLTR(K),IIEGLTR(K),IIEGLTR,(K)IIEGLTR(K),,(V)PAGEVDEE(-),
(R)MAIENALSALPR(K),MAIENALSALPR(K),MAIENALSALPR,(R)MAIENALSALPR(K),,(E)NLPLGPK(K),
(R)DAVSTR(V),DAVSTR(V),DAVSTR,(R)DAVSTR(V),,(T)PQAIAR(F),
(R)LSELLGK(A),LSELLGK(A),LSELLGK,(R)LSELLGK(A),,(F)LENVIR(D),
(R)IEVIGVGGGGSNAVNR(M),IEVIGVGGGGSNAVNR(M),IEVIGVGGGGSNAVNR,(R)IEVIGVGGGGSNAVNR(M),,(L)GDETSR(S),
(K)ANGLGVMSSK(N),ANGLGVMSSK(N),ANGLGVMSSK,(K)ANGLGVMSSK(N),,(L)PLYR(E),
(K)NATPLVEVR(A),NATPLVEVR(A),NATPLVEVR,(K)NATPLVEVR(A),,(T)GVLYGR(K),
(K)GGQPLFFGEGTYANLSQTAR(W),GGQPLFFGEGTYANLSQTAR(W),GGQPLFFGEGTYANLSQTAR,(K)GGQPLFFGEGTYANLSQTAR(W),,(I)SLGNR(R),
(R)TSNFLDPKSR(A),TSNFLDPKSR(A),TSNFLDPKSR,(R)TSNFLDPKSR(A),,(T)GAVNAAVR(A),
(R)LNGAEIAR(T),LNGAEIAR(T),LNGAEIAR,(R)LNGAEIAR(T),,(M)LDAFSR(Q),
(R)TGGDPIELFETAVK(N),TGGDPIELFETAVK(N),TGGDPIELFETAVK,(R)TGGDPIELFETAVK(N),,(E)ICLR(Y),
(K)SLGGEVVGEDYLPLGNTEVAPIIAK(I),SLGGEVVGEDYLPLGNTEVAPIIAK(I),SLGGEVVGEDYLPLGNTEVAPIIAK,(K)SLGGEVVGEDYLPLGNTEVAPIIAK(I),,(I)AASPR(T),
(R)GGLDLTKDDENINSQPFQR(W),GGLDLTKDDENINSQPFQR(W),GGLDLTKDDENINSQPFQR,(R)GGLDLTKDDENINSQPFQR(W),,(L)TGSDLLTK(V),
(R)LVVGIPSGVTGVER(R),LVVGIPSGVTGVER(R),LVVGIPSGVTGVER,(R)LVVGIPSGVTGVER(R),,(A)AADSGSR(F),
(R)EIAQDFK(T),EIAQDFK(T),EIAQDFK,(R)EIAQDFK(T),,(F)PCDGPGR(G),
(K)ANGLGVMSSKNR(A),ANGLGVMSSKNR(A),ANGLGVMSSKNR,(K)ANGLGVMSSKNR(A),,(V)IAAADSGSR(F),
(K)DEAETVKK(A),DEAETVKK(A),DEAETVKK,(K)DEAETVKK(A),,(L)GNLIK(S),
(K)EMVVDSNGSSISAGTEFK(G),EMVVDSNGSSISAGTEFK(G),EMVVDSNGSSISAGTEFK,(K)EMVVDSNGSSISAGTEFK(G),,(M)LDAFSR(Q),
(R)AALPTINDLINK(G),AALPTINDLINK(G),AALPTINDLINK,(R)AALPTINDLINK(G),,(I)GCTQCVR(A),
(K)VEDVVK(V),VEDVVK(V),VEDVVK,(K)VEDVVK(V),,(D)AFSR(Q),
(K)AALADIAVLTGGTVISEDR(A),AALADIAVLTGGTVISEDR(A),AALADIAVLTGGTVISEDR,(K)AALADIAVLTGGTVISEDR(A),,(L)IIGDR(Q),
(K)YGAAGISDVLIAR(K),YGAAGISDVLIAR(K),YGAAGISDVLIAR,(K)YGAAGISDVLIAR(K),,(T)SAAPAR(K),
(K)QILQEQILFGNTMEEDQLK(H),QILQEQILFGNTMEEDQLK(H),QILQEQILFGNTMEEDQLK,(K)QILQEQILFGNTMEEDQLK(H),,(A)TALTGQYPK(Y),
(R)LASISLLEGR(S),LASISLLEGR(S),LASISLLEGR,(R)LASISLLEGR(S),,(D)IPFR(R),
(R)FLISDEGIAFLK(N),FLISDEGIAFLK(N),FLISDEGIAFLK,(R)FLISDEGIAFLK(N),,,
(K)GTNVVSIK(T),GTNVVSIK(T),GTNVVSIK,(K)GTNVVSIK(T),,,
(M)IQQESFLTVADNSGAK(R),IQQESFLTVADNSGAK(R),IQQESFLTVADNSGAK,(M)IQQESFLTVADNSGAK(R),,,
(R)YGALEIK(E),YGALEIK(E),YGALEIK,(R)YGALEIK(E),,,
(R)LSGASLQGAVMTGADIRK(A),LSGASLQGAVMTGADIRK(A),LSGASLQGAVMTGADIRK,(R)LSGASLQGAVMTGADIRK(A),,,
(R)EIAQDFKTDLR(F),EIAQDFKTDLR(F),EIAQDFKTDLR,(R)EIAQDFKTDLR(F),,,
(K)MAIEEINAAGGVEVDGK(K),MAIEEINAAGGVEVDGK(K),MAIEEINAAGGVEVDGK,(K)MAIEEINAAGGVEVDGK(K),,,
(K)VTQADLGQARR(I),VTQADLGQARR(I),VTQADLGQARR,(K)VTQADLGQARR(I),,,
(K)GCCTIIGGGDSVAAVEK(A),GCCTIIGGGDSVAAVEK(A),GCCTIIGGGDSVAAVEK,(K)GCCTIIGGGDSVAAVEK(A),,,
(R)LGANIGSAMGPTGLGK(Y),LGANIGSAMGPTGLGK(Y),LGANIGSAMGPTGLGK,(R)LGANIGSAMGPTGLGK(Y),,,
(K)ESWREELSDEEK(K),ESWREELSDEEK(K),ESWREELSDEEK,(K)ESWREELSDEEK(K),,,
(K)EVDEQMLNVQNK(N),EVDEQMLNVQNK(N),EVDEQMLNVQNK,(K)EVDEQMLNVQNK(N),,,
(K)DGLLQAGCTSK(Q),DGLLQAGCTSK(Q),DGLLQAGCTSK,(K)DGLLQAGCTSK(Q),,,
(K)QAQAYR(Q),QAQAYR(Q),QAQAYR,(K)QAQAYR(Q),,,
(R)SALAGLQSQKTK(A),SALAGLQSQKTK(A),SALAGLQSQKTK,(R)SALAGLQSQKTK(A),,,
(R)AIEAAQAAISSPLLEAAR(I),AIEAAQAAISSPLLEAAR(I),AIEAAQAAISSPLLEAAR,(R)AIEAAQAAISSPLLEAAR(I),,,
(K)YDDDGQVVTNPR(V),YDDDGQVVTNPR(V),YDDDGQVVTNPR,(K)YDDDGQVVTNPR(V),,,
(K)EALEIMNK(K),EALEIMNK(K),EALEIMNK,(K)EALEIMNK(K),,,
(M)TISPPER(G),TISPPER(G),TISPPER,(M)TISPPER(G),,,
(-)LGGGTTSLNAGK(L),LGGGTTSLNAGK(L),LGGGTTSLNAGK,(-)LGGGTTSLNAGK(L),,,
(K)YSLVCSDGPVYDINAIHI(-),YSLVCSDGPVYDINAIHI(-),YSLVCSDGPVYDINAIHI,(K)YSLVCSDGPVYDINAIHI(-),,,
(K)LNAEAQTK(L),LNAEAQTK(L),LNAEAQTK,(K)LNAEAQTK(L),,,
(R)DFSTFLSTGDVNIDR(A),DFSTFLSTGDVNIDR(A),DFSTFLSTGDVNIDR,(R)DFSTFLSTGDVNIDR(A),,,
(R)QAAEGISR(L),QAAEGISR(L),QAAEGISR,(R)QAAEGISR(L),,,
(K)AANIMK(K),AANIMK(K),AANIMK,(K)AANIMK(K),,,
(R)SAPGELKDGVVVFADDR(A),SAPGELKDGVVVFADDR(A),SAPGELKDGVVVFADDR,(R)SAPGELKDGVVVFADDR(A),,,
(K)NQISPGDGEDRDLFELAAEELEK(I),NQISPGDGEDRDLFELAAEELEK(I),NQISPGDGEDRDLFELAAEELEK,(K)NQISPGDGEDRDLFELAAEELEK(I),,,
(R)SISQLGAGNIVER(K),SISQLGAGNIVER(K),SISQLGAGNIVER,(R)SISQLGAGNIVER(K),,,
(R)TMVLAMTAAPK(L),TMVLAMTAAPK(L),TMVLAMTAAPK,(R)TMVLAMTAAPK(L),,,
(R)GLGAGGNPSIGQK(A),GLGAGGNPSIGQK(A),GLGAGGNPSIGQK,(R)GLGAGGNPSIGQK(A),,,
(K)FGESARAAK(M),FGESARAAK(M),FGESARAAK,(K)FGESARAAK(M),,,
(K)SYDVEVIDVR(R),SYDVEVIDVR(R),SYDVEVIDVR,(K)SYDVEVIDVR(R),,,
(K)SLSDIIEGKQGR(F),SLSDIIEGKQGR(F),SLSDIIEGKQGR,(K)SLSDIIEGKQGR(F),,,
(M)VVGANSFGGEK(A),VVGANSFGGEK(A),VVGANSFGGEK,(M)VVGANSFGGEK(A),,,
(R)DLDKETVDFIDNYDGSESEPSVLPTR(V),DLDKETVDFIDNYDGSESEPSVLPTR(V),DLDKETVDFIDNYDGSESEPSVLPTR,(R)DLDKETVDFIDNYDGSESEPSVLPTR(V),,,
(K)EALEIMNKK(R),EALEIMNKK(R),EALEIMNKK,(K)EALEIMNKK(R),,,
(R)AALDGADLTAVVLDHADLSR(A),AALDGADLTAVVLDHADLSR(A),AALDGADLTAVVLDHADLSR,(R)AALDGADLTAVVLDHADLSR(A),,,
(K)EVSATGTLEKITR(E),EVSATGTLEKITR(E),EVSATGTLEKITR,(K)EVSATGTLEKITR(E),,,
(R)APSFGDRR(K),APSFGDRR(K),APSFGDRR,(R)APSFGDRR(K),,,
(K)VNAMADGDVVLLENVR(F),VNAMADGDVVLLENVR(F),VNAMADGDVVLLENVR,(K)VNAMADGDVVLLENVR(F),,,
(K)HSDMNATTQGL(-),HSDMNATTQGL(-),HSDMNATTQGL,(K)HSDMNATTQGL(-),,,
(K)YYIEK(S),YYIEK(S),YYIEK,(K)YYIEK(S),,,
(M)EILGNDYNK(S),EILGNDYNK(S),EILGNDYNK,(M)EILGNDYNK(S),,,
(K)TDSDFAYQGEYSGEIAVDGNK(L),TDSDFAYQGEYSGEIAVDGNK(L),TDSDFAYQGEYSGEIAVDGNK,(K)TDSDFAYQGEYSGEIAVDGNK(L),,,
(K)GPTYTDPAK(T),GPTYTDPAK(T),GPTYTDPAK,(K)GPTYTDPAK(T),,,
(K)IVEVEVSSHSSGPFSSDVK(Q),IVEVEVSSHSSGPFSSDVK(Q),IVEVEVSSHSSGPFSSDVK,(K)IVEVEVSSHSSGPFSSDVK(Q),,,
(K)EIWNDVMDEGQR(T),EIWNDVMDEGQR(T),EIWNDVMDEGQR,(K)EIWNDVMDEGQR(T),,,
(K)NVVLVTDAMAHR(A),NVVLVTDAMAHR(A),NVVLVTDAMAHR,(K)NVVLVTDAMAHR(A),,,
(R)MLMLASNNILSPATGDPIITPSQDMVLGSYYLTAIKPEANCPDFGDQSR(T),MLMLASNNILSPATGDPIITPSQDMVLGSYYLTAIKPEANCPDFGDQSR(T),MLMLASNNILSPATGDPIITPSQDMVLGSYYLTAIKPEANCPDFGDQSR,(R)MLMLASNNILSPATGDPIITPSQDMVLGSYYLTAIKPEANCPDFGDQSR(T),,,
(-)MSTEIEK(A),MSTEIEK(A),MSTEIEK,(-)MSTEIEK(A),,,
(R)CILIDGQGNFGSVDGDRAAAMR(Y),CILIDGQGNFGSVDGDRAAAMR(Y),CILIDGQGNFGSVDGDRAAAMR,(R)CILIDGQGNFGSVDGDRAAAMR(Y),,,
(K)NGELTCTEEEWQK(I),NGELTCTEEEWQK(I),NGELTCTEEEWQK,(K)NGELTCTEEEWQK(I),,,
(K)VGAATEVEMKEK(K),VGAATEVEMKEK(K),VGAATEVEMKEK,(K)VGAATEVEMKEK(K),,,
(K)LKMHQCGLPK(E),LKMHQCGLPK(E),LKMHQCGLPK,(K)LKMHQCGLPK(E),,,
(R)IIDESADNNSAMKR(Y),IIDESADNNSAMKR(Y),IIDESADNNSAMKR,(R)IIDESADNNSAMKR(Y),,,
(R)AQGEIR(G),AQGEIR(G),AQGEIR,(R)AQGEIR(G),,,
(K)GANLNWSFLEQAHLDR(A),GANLNWSFLEQAHLDR(A),GANLNWSFLEQAHLDR,(K)GANLNWSFLEQAHLDR(A),,,
(R)SPNSSIDL(-),SPNSSIDL(-),SPNSSIDL,(R)SPNSSIDL(-),,,
(R)AIPNYNVMGVAK(A),AIPNYNVMGVAK(A),AIPNYNVMGVAK,(R)AIPNYNVMGVAK(A),,,
(R)FATSDLNDLYR(R),FATSDLNDLYR(R),FATSDLNDLYR,(R)FATSDLNDLYR(R),,,
(D)IPFR(R),IPFR(R),IPFR,(D)IPFR(R),,,
(A)PTIQPR(A),PTIQPR(A),PTIQPR,(A)PTIQPR(A),,,
(L)LPGELAK(H),LPGELAK(H),LPGELAK,(L)LPGELAK(H),,,
(V)AIMK(A),AIMK(A),AIMK,(V)AIMK(A),,,
(L)DAFSR(Q),DAFSR(Q),DAFSR,(L)DAFSR(Q),,,
(F)ISLGNR(R),ISLGNR(R),ISLGNR,(F)ISLGNR(R),,,
(I)PTLMVFK(G),PTLMVFK(G),PTLMVFK,(I)PTLMVFK(G),,,
(L)DAFSR(Q),DAFSR(Q),DAFSR,(L)DAFSR(Q),,,
(R)LVPAGE(V),LVPAGE(V),LVPAGE,(R)LVPAGE(V),,,
(R)EGISPNFR(G),EGISPNFR(G),EGISPNFR,(R)EGISPNFR(G),,,
(S)PNFR(G),PNFR(G),PNFR,(S)PNFR(G),,,
(S)EICLR(Y),EICLR(Y),EICLR,(S)EICLR(Y),,,
(P)TIQPR(A),TIQPR(A),TIQPR,(P)TIQPR(A),,,
(A)VAIMK(A),VAIMK(A),VAIMK,(A)VAIMK(A),,,
(D)ENLPLGPK(K),ENLPLGPK(K),ENLPLGPK,(D)ENLPLGPK(K),,,
(V)NLVAAR(T),NLVAAR(T),NLVAAR,(V)NLVAAR(T),,,
(L)LNEGIR(A),LNEGIR(A),LNEGIR,(L)LNEGIR(A),,,
(G)PTGLGK(Y),PTGLGK(Y),PTGLGK,(G)PTGLGK(Y),,,
(I)GYYLR(M),GYYLR(M),GYYLR,(I)GYYLR(M),,,
(A)ADSGSR(F),ADSGSR(F),ADSGSR,(A)ADSGSR(F),,,
(V)PAGEVDEE(-),PAGEVDEE(-),PAGEVDEE,(V)PAGEVDEE(-),,,
(E)NLPLGPK(K),NLPLGPK(K),NLPLGPK,(E)NLPLGPK(K),,,
(T)PQAIAR(F),PQAIAR(F),PQAIAR,(T)PQAIAR(F),,,
(F)LENVIR(D),LENVIR(D),LENVIR,(F)LENVIR(D),,,
(L)GDETSR(S),GDETSR(S),GDETSR,(L)GDETSR(S),,,
(R)VTNAIGNADNATITLN(-),VTNAIGNADNATITLN(-),VTNAIGNADNATITLN,(R)VTNAIGNADNATITLN(-),,,
(L)PLYR(E),PLYR(E),PLYR,(L)PLYR(E),,,
(T)GVLYGR(K),GVLYGR(K),GVLYGR,(T)GVLYGR(K),,,
(I)SLGNR(R),SLGNR(R),SLGNR,(I)SLGNR(R),,,
(V)LLNEGIR(A),LLNEGIR(A),LLNEGIR,(V)LLNEGIR(A),,,
(M)LDAFSR(Q),LDAFSR(Q),LDAFSR,(M)LDAFSR(Q),,,
(E)ICLR(Y),ICLR(Y),ICLR,(E)ICLR(Y),,,
(I)AASPR(T),AASPR(T),AASPR,(I)AASPR(T),,,
(A)AADSGSR(F),AADSGSR(F),AADSGSR,(A)AADSGSR(F),,,
(L)GVPTGSAAR(A),GVPTGSAAR(A),GVPTGSAAR,(L)GVPTGSAAR(A),,,
(L)VNNLPLYR(E),VNNLPLYR(E),VNNLPLYR,(L)VNNLPLYR(E),,,
(N)NLPLYR(E),NLPLYR(E),NLPLYR,(N)NLPLYR(E),,,
(F)SDSADVKR(L),SDSADVKR(L),SDSADVKR,(F)SDSADVKR(L),,,
(V)IAAADSGSR(F),IAAADSGSR(F),IAAADSGSR,(V)IAAADSGSR(F),,,
(I)SPNFR(G),SPNFR(G),SPNFR,(I)SPNFR(G),,,
(L)GNLIK(S),GNLIK(S),GNLIK,(L)GNLIK(S),,,
(M)LDAFSR(Q),LDAFSR(Q),LDAFSR,(M)LDAFSR(Q),,,
(I)GCTQCVR(A),GCTQCVR(A),GCTQCVR,(I)GCTQCVR(A),,,
(D)AFSR(Q),AFSR(Q),AFSR,(D)AFSR(Q),,,
(L)IIGDR(Q),IIGDR(Q),IIGDR,(L)IIGDR(Q),,,
(T)ELLIR(K),ELLIR(K),ELLIR,(T)ELLIR(K),,,
(R)VTNAIGNADNATITLN(-),VTNAIGNADNATITLN(-),VTNAIGNADNATITLN,,,,
(R)ETFSALGVPTGSAAR(A),ETFSALGVPTGSAAR(A),ETFSALGVPTGSAAR,,,,
(R)QAVSADSSGSFIGGAELASLK(S),QAVSADSSGSFIGGAELASLK(S),QAVSADSSGSFIGGAELASLK,,,,
(R)TVVPNLSLAMVWQR(Q),TVVPNLSLAMVWQR(Q),TVVPNLSLAMVWQR,,,,
(R)AVAIMK(A),AVAIMK(A),AVAIMK,,,,
(R)AAEDPEFETFYTK(N),AAEDPEFETFYTK(N),AAEDPEFETFYTK,,,,
(K)TAGGILLPDTAK(E),TAGGILLPDTAK(E),TAGGILLPDTAK,,,,
(K)YYGLYDSAEGVVR(T),YYGLYDSAEGVVR(T),YYGLYDSAEGVVR,,,,
(M)ANETMGIALGMIETR(G),ANETMGIALGMIETR(G),ANETMGIALGMIETR,,,,
(K)AASIAMITNTTSAAPAR(K),AASIAMITNTTSAAPAR(K),AASIAMITNTTSAAPAR,,,,
(M)ANETMGIALGMIETR(G),ANETMGIALGMIETR(G),ANETMGIALGMIETR,,,,
(R)GLVPAIEAADAMTK(A),GLVPAIEAADAMTK(A),GLVPAIEAADAMTK,,,,
(R)GETGAVNAAVR(A),GETGAVNAAVR(A),GETGAVNAAVR,,,,
(R)GLVPAIEAADAMTK(A),GLVPAIEAADAMTK(A),GLVPAIEAADAMTK,,,,
(R)ASAADTPQAIAR(F),ASAADTPQAIAR(F),ASAADTPQAIAR,,,,
(K)NVLLNEGIR(A),NVLLNEGIR(A),NVLLNEGIR,,,,
(R)LVPAGEVDEE(-),LVPAGEVDEE(-),LVPAGEVDEE,,,,
(-)MLDAFSR(Q),MLDAFSR(Q),MLDAFSR,,,,
(M)TDENLPLGPK(K),TDENLPLGPK(K),TDENLPLGPK,,,,
(R)QAPEVGVGDNVLYSK(Y),QAPEVGVGDNVLYSK(Y),QAPEVGVGDNVLYSK,,,,
(K)ALVNNLPLYR(E),ALVNNLPLYR(E),ALVNNLPLYR,,,,
(R)ESDNNITVSPR(-),ESDNNITVSPR(-),ESDNNITVSPR,,,,
(K)SVLTTVIAAADSGSR(F),SVLTTVIAAADSGSR(F),SVLTTVIAAADSGSR,,,,
(R)CLNGLR(E),CLNGLR(E),CLNGLR,,,,
(R)AYDFVSQEVR(A),AYDFVSQEVR(A),AYDFVSQEVR,,,,
(K)AASIAMITNTTSAAPAR(K),AASIAMITNTTSAAPAR(K),AASIAMITNTTSAAPAR,,,,
(R)QSDNNITVSPR(-),QSDNNITVSPR(-),QSDNNITVSPR,,,,
(K)GLSFGAPGSAGIGK(G),GLSFGAPGSAGIGK(G),GLSFGAPGSAGIGK,,,,
(K)QAGEYTTFK(G),QAGEYTTFK(G),QAGEYTTFK,,,,
(R)EVEPALSNGNLLSQKG(-),EVEPALSNGNLLSQKG(-),EVEPALSNGNLLSQKG,,,,
(-)MLTGSDLLTK(V),MLTGSDLLTK(V),MLTGSDLLTK,,,,
(R)LINYCLVTGGTGPLDELAINGQR(E),LINYCLVTGGTGPLDELAINGQR(E),LINYCLVTGGTGPLDELAINGQR,,,,
(R)DSEICLR(Y),DSEICLR(Y),DSEICLR,,,,
(-)MLDAFSR(Q),MLDAFSR(Q),MLDAFSR,,,,
(K)IVVGGPYSSVSDAASSLDSSQK(S),IVVGGPYSSVSDAASSLDSSQK(S),IVVGGPYSSVSDAASSLDSSQK,,,,
(R)FPSSSDMESVQGAIQR(A),FPSSSDMESVQGAIQR(A),FPSSSDMESVQGAIQR,,,,
(K)SLPGYAPGK(V),SLPGYAPGK(V),SLPGYAPGK,,,,
(R)EATGLGLGDAK(A),EATGLGLGDAK(A),EATGLGLGDAK,,,,
(K)IDLNNSSVR(R),IDLNNSSVR(R),IDLNNSSVR,,,,
(K)SFISLGNR(R),SFISLGNR(R),SFISLGNR,,,,
(K)ALSIDGGTYIVGFTAIR(N),ALSIDGGTYIVGFTAIR(N),ALSIDGGTYIVGFTAIR,,,,
(R)ASTADTPQAIAR(F),ASTADTPQAIAR(F),ASTADTPQAIAR,,,,
(R)LGNLIK(S),LGNLIK(S),LGNLIK,,,,
(K)SAATALIGQTNTPAAGGSK(Y),SAATALIGQTNTPAAGGSK(Y),SAATALIGQTNTPAAGGSK,,,,
(R)VISAIG(-),VISAIG(-),VISAIG,,,,
(R)ISGLIYEETR(G),ISGLIYEETR(G),ISGLIYEETR,,,,
(K)AASIAMITNTTSAAPARK(M),AASIAMITNTTSAAPARK(M),AASIAMITNTTSAAPARK,,,,
(M)ANETMGIALGMIETR(G),ANETMGIALGMIETR(G),ANETMGIALGMIETR,,,,
(R)IAENAGANGAVVAENVK(S),IAENAGANGAVVAENVK(S),IAENAGANGAVVAENVK,,,,
(K)DFGYSFPCDGPGR(G),DFGYSFPCDGPGR(G),DFGYSFPCDGPGR,,,,
(R)VPAFTAGK(M),VPAFTAGK(M),VPAFTAGK,,,,
(R)EGISPNFR(G),EGISPNFR(G),EGISPNFR,,,,
(R)TLYGFGG(-),TLYGFGG(-),TLYGFGG,,,,
(R)FPSSSDMESVQGAIQR(A),FPSSSDMESVQGAIQR(A),FPSSSDMESVQGAIQR,,,,
(R)SIPTLMVFK(G),SIPTLMVFK(G),SIPTLMVFK,,,,
(R)GMQVADAQLR(M),GMQVADAQLR(M),GMQVADAQLR,,,,
(R)DGEIVLR(Y),DGEIVLR(Y),DGEIVLR,,,,
(R)SLALPTSAYVEALTYTR(N),SLALPTSAYVEALTYTR(N),SLALPTSAYVEALTYTR,,,,
(K)LAGNYDK(V),LAGNYDK(V),LAGNYDK,,,,
(R)YISYALLAGDPSVLDDR(C),YISYALLAGDPSVLDDR(C),YISYALLAGDPSVLDDR,,,,
(K)VSESEEKTAGGILLPDTAK(E),VSESEEKTAGGILLPDTAK(E),VSESEEKTAGGILLPDTAK,,,,
(K)SADEVIEALER(I),SADEVIEALER(I),SADEVIEALER,,,,
(K)DILAVVN(-),DILAVVN(-),DILAVVN,,,,
(R)VVDLAEIVAK(N),VVDLAEIVAK(N),VVDLAEIVAK,,,,
(R)FLSNSEIQAASGR(F),FLSNSEIQAASGR(F),FLSNSEIQAASGR,,,,
(R)VAQVLSESR(E),VAQVLSESR(E),VAQVLSESR,,,,
(K)VAQEAVDAVYAVHPNGAVGR(Q),VAQEAVDAVYAVHPNGAVGR(Q),VAQEAVDAVYAVHPNGAVGR,,,,
(K)EQCLALGTQLR(S),EQCLALGTQLR(S),EQCLALGTQLR,,,,
(R)SPTGEIIFGGETMR(F),SPTGEIIFGGETMR(F),SPTGEIIFGGETMR,,,,
(R)VVPTWADVLNR(S),VVPTWADVLNR(S),VVPTWADVLNR,,,,
(R)EVEPALGNGNLLGQKD(-),EVEPALGNGNLLGQKD(-),EVEPALGNGNLLGQKD,,,,
(K)LAGGVAVVK(V),LAGGVAVVK(V),LAGGVAVVK,,,,
(R)TSNFLDPK(S),TSNFLDPK(S),TSNFLDPK,,,,
(R)EFVGGGYVTVLVR(G),EFVGGGYVTVLVR(G),EFVGGGYVTVLVR,,,,
(K)ITGVLYGR(K),ITGVLYGR(K),ITGVLYGR,,,,
(R)GIEKEDIER(G),GIEKEDIER(G),GIEKEDIER,,,,
(K)VFLENVIR(D),VFLENVIR(D),VFLENVIR,,,,
(K)ADLVNLVAAR(T),ADLVNLVAAR(T),ADLVNLVAAR,,,,
(R)LVTYGVVAGDVTPIEEIGVIGAR(E),LVTYGVVAGDVTPIEEIGVIGAR(E),LVTYGVVAGDVTPIEEIGVIGAR,,,,
(K)AASIAMITNTTSAAPARK(M),AASIAMITNTTSAAPARK(M),AASIAMITNTTSAAPARK,,,,
(R)VPTPNVSAVDLVFESGR(S),VPTPNVSAVDLVFESGR(S),VPTPNVSAVDLVFESGR,,,,
(K)LNTDENPNVASQYGIR(S),LNTDENPNVASQYGIR(S),LNTDENPNVASQYGIR,,,,
(R)GVLNVAAVK(A),GVLNVAAVK(A),GVLNVAAVK,,,,
(K)DLGDVSK(S),DLGDVSK(S),DLGDVSK,,,,
(R)ETYDSDGVFR(S),ETYDSDGVFR(S),ETYDSDGVFR,,,,
(K)VITETIPAGPSLLVK(V),VITETIPAGPSLLVK(V),VITETIPAGPSLLVK,,,,
(R)ADALVNGAAQAVYAK(Y),ADALVNGAAQAVYAK(Y),ADALVNGAAQAVYAK,,,,
(R)SLGTPLEALADSIR(E),SLGTPLEALADSIR(E),SLGTPLEALADSIR,,,,
(K)VQDYAEIDGAPEER(E),VQDYAEIDGAPEER(E),VQDYAEIDGAPEER,,,,
(K)VSILGFGSFEPR(D),VSILGFGSFEPR(D),VSILGFGSFEPR,,,,
(R)GQVSLEAAK(V),GQVSLEAAK(V),GQVSLEAAK,,,,
(M)SIVSNSIINADAEAR(Y),SIVSNSIINADAEAR(Y),SIVSNSIINADAEAR,,,,
(R)EVEPALSNGNLLSQK(G),EVEPALSNGNLLSQK(G),EVEPALSNGNLLSQK,,,,
(K)TVTAMDVVYALKR(Q),TVTAMDVVYALKR(Q),TVTAMDVVYALKR,,,,
(K)DLDEGLAGDNCGLLLR(G),DLDEGLAGDNCGLLLR(G),DLDEGLAGDNCGLLLR,,,,
(K)ETYIALGVPTQSASR(A),ETYIALGVPTQSASR(A),ETYIALGVPTQSASR,,,,
(R)LEDAINATK(A),LEDAINATK(A),LEDAINATK,,,,
(R)DNIQGITKPAIR(R),DNIQGITKPAIR(R),DNIQGITKPAIR,,,,
(K)ATLSGTISK(Y),ATLSGTISK(Y),ATLSGTISK,,,,
(K)LAPTIQPR(A),LAPTIQPR(A),LAPTIQPR,,,,
(K)TFSDSADVKR(L),TFSDSADVKR(L),TFSDSADVKR,,,,
(R)ELLSSYDFPGDDIPIVK(V),ELLSSYDFPGDDIPIVK(V),ELLSSYDFPGDDIPIVK,,,,
(K)TTLTAAITSVLAK(K),TTLTAAITSVLAK(K),TTLTAAITSVLAK,,,,
(K)VTLTSESEGLNK(T),VTLTSESEGLNK(T),VTLTSESEGLNK,,,,
(K)LQNDVQPWQVR(R),LQNDVQPWQVR(R),LQNDVQPWQVR,,,,
(K)DLGDVSKSDLVR(A),DLGDVSKSDLVR(A),DLGDVSKSDLVR,,,,
(K)AASVANVVEVLR(E),AASVANVVEVLR(E),AASVANVVEVLR,,,,
(R)FEFVAEAVK(L),FEFVAEAVK(L),FEFVAEAVK,,,,
(R)DIGYYLR(M),DIGYYLR(M),DIGYYLR,,,,
(R)YLSPGELDQIK(T),YLSPGELDQIK(T),YLSPGELDQIK,,,,
(R)IGISIPQSR(T),IGISIPQSR(T),IGISIPQSR,,,,
(R)STTAEEVNAALK(S),STTAEEVNAALK(S),STTAEEVNAALK,,,,
(R)GQILPTGEK(T),GQILPTGEK(T),GQILPTGEK,,,,
(K)DGEFPEKVNEGR(V),DGEFPEKVNEGR(V),DGEFPEKVNEGR,,,,
(R)ETTETESQNYGYK(F),ETTETESQNYGYK(F),ETTETESQNYGYK,,,,
(K)QVGVPALVVALNK(C),QVGVPALVVALNK(C),QVGVPALVVALNK,,,,
(K)TFSDSADVK(R),TFSDSADVK(R),TFSDSADVK,,,,
(K)VTLTSQSEGLNK(T),VTLTSQSEGLNK(T),VTLTSQSEGLNK,,,,
(M)AAVSLSVSTVKPLGDR(V),AAVSLSVSTVKPLGDR(V),AAVSLSVSTVKPLGDR,,,,
(K)METTHGNCSELISEASAYFDRVISAIG(-),METTHGNCSELISEASAYFDRVISAIG(-),METTHGNCSELISEASAYFDRVISAIG,,,,
(R)ELIIGDR(Q),ELIIGDR(Q),ELIIGDR,,,,
(K)SVFDK(Y),SVFDK(Y),SVFDK,,,,
(R)FSCDGPGR(G),FSCDGPGR(G),FSCDGPGR,,,,
(R)GMQVADAQLR(M),GMQVADAQLR(M),GMQVADAQLR,,,,
(K)ASVGVLEAR(R),ASVGVLEAR(R),ASVGVLEAR,,,,
(K)TEPSLSMPDLD(-),TEPSLSMPDLD(-),TEPSLSMPDLD,,,,
(R)ALTTGVDYAQGLVALGGDDK(V),ALTTGVDYAQGLVALGGDDK(V),ALTTGVDYAQGLVALGGDDK,,,,
(K)LENYSAPFFR(L),LENYSAPFFR(L),LENYSAPFFR,,,,
(R)KTEPSLSMPDLD(-),KTEPSLSMPDLD(-),KTEPSLSMPDLD,,,,
(R)FVQAGSEVSALLGR(M),FVQAGSEVSALLGR(M),FVQAGSEVSALLGR,,,,
(-)MANETMGIALGMIETR(G),MANETMGIALGMIETR(G),MANETMGIALGMIETR,,,,
(K)TTQAEVPQSVLPDSVFK(A),TTQAEVPQSVLPDSVFK(A),TTQAEVPQSVLPDSVFK,,,,
(R)GQATTLGNSLRR(V),GQATTLGNSLRR(V),GQATTLGNSLRR,,,,
(R)LIFQYASFNNSR(S),LIFQYASFNNSR(S),LIFQYASFNNSR,,,,
(R)EVEPALGNGNFLGGQKD(-),EVEPALGNGNFLGGQKD(-),EVEPALGNGNFLGGQKD,,,,
(R)TVVPNLSLAMVWQR(Q),TVVPNLSLAMVWQR(Q),TVVPNLSLAMVWQR,,,,
(-)MTQYEIDLEECSK(F),MTQYEIDLEECSK(F),MTQYEIDLEECSK,,,,
(K)MTGELICPVAIEQGMR(F),MTGELICPVAIEQGMR(F),MTGELICPVAIEQGMR,,,,
(K)ALPDGGVIINTLNGDQNVAFFK(Q),ALPDGGVIINTLNGDQNVAFFK(Q),ALPDGGVIINTLNGDQNVAFFK,,,,
(R)KEQCLALGTQLR(S),KEQCLALGTQLR(S),KEQCLALGTQLR,,,,
(K)AIEEVGGK(V),AIEEVGGK(V),AIEEVGGK,,,,
(R)KTEPSLSMPDLD(-),KTEPSLSMPDLD(-),KTEPSLSMPDLD,,,,
(K)SASEGAMK(G),SASEGAMK(G),SASEGAMK,,,,
(K)ANLGFR(F),ANLGFR(F),ANLGFR,,,,
(R)AQTGVFLIGPLER(G),AQTGVFLIGPLER(G),AQTGVFLIGPLER,,,,
(K)YSINVGGNR(G),YSINVGGNR(G),YSINVGGNR,,,,
(R)GPNGLSLEK(L),GPNGLSLEK(L),GPNGLSLEK,,,,
(K)DTTTIVAEGNEMAVK(G),DTTTIVAEGNEMAVK(G),DTTTIVAEGNEMAVK,,,,
(R)VVTPLGQPMDGKGEIPTTENR(L),VVTPLGQPMDGKGEIPTTENR(L),VVTPLGQPMDGKGEIPTTENR,,,,
(K)VFLENVIRDAVTYTEHAR(R),VFLENVIRDAVTYTEHAR(R),VFLENVIRDAVTYTEHAR,,,,
(K)MTGELICPVAIEQGMR(F),MTGELICPVAIEQGMR(F),MTGELICPVAIEQGMR,,,,
(R)VALEACVK(A),VALEACVK(A),VALEACVK,,,,
(K)YGDLPLVSSDYAGTNESTIVDAALTMTIGDNMVKVVAWYDNEWGYSQR(V),YGDLPLVSSDYAGTNESTIVDAALTMTIGDNMVKVVAWYDNEWGYSQR(V),YGDLPLVSSDYAGTNESTIVDAALTMTIGDNMVKVVAWYDNEWGYSQR,,,,
(K)EGIAKDEAEALK(K),EGIAKDEAEALK(K),EGIAKDEAEALK,,,,
(K)GVDPLPDAE(-),GVDPLPDAE(-),GVDPLPDAE,,,,
(R)GLSSLTSMGLGK(R),GLSSLTSMGLGK(R),GLSSLTSMGLGK,,,,
(K)THAEEELY(-),THAEEELY(-),THAEEELY,,,,
(R)LPTQIPR(Q),LPTQIPR(Q),LPTQIPR,,,,
(R)TVGEAGENQTK(V),TVGEAGENQTK(V),TVGEAGENQTK,,,,
(R)ETYSSDGVFR(S),ETYSSDGVFR(S),ETYSSDGVFR,,,,
(R)QTTLGYIDNLR(E),QTTLGYIDNLR(E),QTTLGYIDNLR,,,,
(R)DKPVALSIVQAR(L),DKPVALSIVQAR(L),DKPVALSIVQAR,,,,
(R)LINLSGR(L),LINLSGR(L),LINLSGR,,,,
(K)AYTALLDLKPGDEFEIK(L),AYTALLDLKPGDEFEIK(L),AYTALLDLKPGDEFEIK,,,,
(K)TPLTEAVAAADSQGR(F),TPLTEAVAAADSQGR(F),TPLTEAVAAADSQGR,,,,
(K)VDTVVGAVPK(A),VDTVVGAVPK(A),VDTVVGAVPK,,,,
(R)LAEGNTIQLFPES(-),LAEGNTIQLFPES(-),LAEGNTIQLFPES,,,,
(K)ATLVIYDDLTK(Q),ATLVIYDDLTK(Q),ATLVIYDDLTK,,,,
(K)YPFTTQMSGPNYAATAEGK(A),YPFTTQMSGPNYAATAEGK(A),YPFTTQMSGPNYAATAEGK,,,,
(K)QLSVNSRTSELEIGR(L),QLSVNSRTSELEIGR(L),QLSVNSRTSELEIGR,,,,
(R)SPTGEIIFGGETMR(F),SPTGEIIFGGETMR(F),SPTGEIIFGGETMR,,,,
(K)EMVVDSNGSSISAGTEFK(G),EMVVDSNGSSISAGTEFK(G),EMVVDSNGSSISAGTEFK,,,,
(K)LAQQETGEIK(G),LAQQETGEIK(G),LAQQETGEIK,,,,
(K)FEGQVYVLK(K),FEGQVYVLK(K),FEGQVYVLK,,,,
(R)MVAPIVDEIAK(E),MVAPIVDEIAK(E),MVAPIVDEIAK,,,,
(K)AQLGEAFSFDR(E),AQLGEAFSFDR(E),AQLGEAFSFDR,,,,
(K)TCGGPPNGIQVER(D),TCGGPPNGIQVER(D),TCGGPPNGIQVER,,,,
(K)LKGVDPLPDAE(-),LKGVDPLPDAE(-),LKGVDPLPDAE,,,,
(K)QAGGQLFQK(R),QAGGQLFQK(R),QAGGQLFQK,,,,
(R)FPTQNDLEAVQGNIQR(A),FPTQNDLEAVQGNIQR(A),FPTQNDLEAVQGNIQR,,,,
(K)AAVEQLFDVR(V),AAVEQLFDVR(V),AAVEQLFDVR,,,,
(R)LEAADKLAAGLDK(V),LEAADKLAAGLDK(V),LEAADKLAAGLDK,,,,
(R)SGAGNVHSGDAVTGGHF(-),SGAGNVHSGDAVTGGHF(-),SGAGNVHSGDAVTGGHF,,,,
(R)VFPGGDTEFLHPK(D),VFPGGDTEFLHPK(D),VFPGGDTEFLHPK,,,,
(K)ENNINLTADQAEAALK(Q),ENNINLTADQAEAALK(Q),ENNINLTADQAEAALK,,,,
(K)NATPLVEVR(A),NATPLVEVR(A),NATPLVEVR,,,,
(R)TSNFLDPKSR(A),TSNFLDPKSR(A),TSNFLDPKSR,,,,
(K)DDENINSQPFQR(W),DDENINSQPFQR(W),DDENINSQPFQR,,,,
(R)ILSQAFGLINER(T),ILSQAFGLINER(T),ILSQAFGLINER,,,,
(R)VVTPLGQPMDGKGEIPTTENR(L),VVTPLGQPMDGKGEIPTTENR(L),VVTPLGQPMDGKGEIPTTENR,,,,
(K)EMVVDSNGSSISAGTEFK(G),EMVVDSNGSSISAGTEFK(G),EMVVDSNGSSISAGTEFK,,,,
(X)AICFTIAFIAAPPVDIDGIR(E),AICFTIAFIAAPPVDIDGIR(E),AICFTIAFIAAPPVDIDGIR,,,,
(R)ENAAAAVAVSNATR(L),ENAAAAVAVSNATR(L),ENAAAAVAVSNATR,,,,
(R)SNAPVRSK(S),SNAPVRSK(S),SNAPVRSK,,,,
(K)QLQNISSASK(L),QLQNISSASK(L),QLQNISSASK,,,,
(R)GGLDLTKDDENINSQPFQR(W),GGLDLTKDDENINSQPFQR(W),GGLDLTKDDENINSQPFQR,,,,
(R)EETVRSFK(R),EETVRSFK(R),EETVRSFK,,,,
(R)NEGRDLEKESR(D),NEGRDLEKESR(D),NEGRDLEKESR,,,,
(R)TGGDPIELFESAVK(N),TGGDPIELFESAVK(N),TGGDPIELFESAVK,,,,
(M)PGDILAITLKPGEK(Y),PGDILAITLKPGEK(Y),PGDILAITLKPGEK,,,,
(R)YGGGATSIVVENDGPNLR(I),YGGGATSIVVENDGPNLR(I),YGGGATSIVVENDGPNLR,,,,
(K)GTNVVSIK(T),GTNVVSIK(T),GTNVVSIK,,,,
(K)LAAELMDAANEAGSAVR(K),LAAELMDAANEAGSAVR(K),LAAELMDAANEAGSAVR,,,,
(K)QAQAYR(Q),QAQAYR(Q),QAQAYR,,,,
(R)AVTSR(S),AVTSR(S),AVTSR,,,,
(R)NIDTFIDEIQR(R),NIDTFIDEIQR(R),NIDTFIDEIQR,,,,
(-)VAGGVDRDSGHK(I),VAGGVDRDSGHK(I),VAGGVDRDSGHK,,,,
(K)TCGGPPNGIQVERDR(L),TCGGPPNGIQVERDR(L),TCGGPPNGIQVERDR,,,,
(A)PTIQPR(A),PTIQPR(A),PTIQPR,,,,
(V)AIMK(A),AIMK(A),AIMK,,,,
(L)DAFSR(Q),DAFSR(Q),DAFSR,,,,
(I)AAADSGSR(F),AAADSGSR(F),AAADSGSR,,,,
(L)INLSGR(L),INLSGR(L),INLSGR,,,,
(R)LVPAGE(V),LVPAGE(V),LVPAGE,,,,
(R)EGISPNFR(G),EGISPNFR(G),EGISPNFR,,,,
(S)PNFR(G),PNFR(G),PNFR,,,,
(E)FVAEAVK(L),FVAEAVK(L),FVAEAVK,,,,
(S)EICLR(Y),EICLR(Y),EICLR,,,,
(A)VAIMK(A),VAIMK(A),VAIMK,,,,
(A)NLGFR(F),NLGFR(F),NLGFR,,,,
(V)NLVAAR(T),NLVAAR(T),NLVAAR,,,,
(A)ADSGSR(F),ADSGSR(F),ADSGSR,,,,
(V)PAGEVDEE(-),PAGEVDEE(-),PAGEVDEE,,,,
(E)NLPLGPK(K),NLPLGPK(K),NLPLGPK,,,,
(T)PQAIAR(F),PQAIAR(F),PQAIAR,,,,
(F)LENVIR(D),LENVIR(D),LENVIR,,,,
(Q)AGEYTTFK(G),AGEYTTFK(G),AGEYTTFK,,,,
(L)PLYR(E),PLYR(E),PLYR,,,,
(S)NFLDPK(S),NFLDPK(S),NFLDPK,,,,
(T)SNFLDPK(S),SNFLDPK(S),SNFLDPK,,,,
(V)LLNEGIR(A),LLNEGIR(A),LLNEGIR,,,,
(M)LDAFSR(Q),LDAFSR(Q),LDAFSR,,,,
(E)ICLR(Y),ICLR(Y),ICLR,,,,
(L)TGSDLLTK(V),TGSDLLTK(V),TGSDLLTK,,,,
(A)AADSGSR(F),AADSGSR(F),AADSGSR,,,,
(F)SDSADVKR(L),SDSADVKR(L),SDSADVKR,,,,
(F)PCDGPGR(G),PCDGPGR(G),PCDGPGR,,,,
(I)SPNFR(G),SPNFR(G),SPNFR,,,,
(L)GNLIK(S),GNLIK(S),GNLIK,,,,
(D)AFSR(Q),AFSR(Q),AFSR,,,,
(L)IIGDR(Q),IIGDR(Q),IIGDR,,,,
(T)SAAPAR(K),SAAPAR(K),SAAPAR,,,,
(I)DLEECSK(F),DLEECSK(F),DLEECSK,,,,
(K)IYDTCIGCTQCVR(A),IYDTCIGCTQCVR(A),IYDTCIGCTQCVR,,,,
(M)TATALTGQYPK(Y),TATALTGQYPK(Y),TATALTGQYPK,,,,
(R)ETFSALGVPTGSAAR(A),ETFSALGVPTGSAAR(A),ETFSALGVPTGSAAR,,,,
(R)QAVSADSSGSFIGGAELASLK(S),QAVSADSSGSFIGGAELASLK(S),QAVSADSSGSFIGGAELASLK,,,,
(R)CETACPTDFLSIR(V),CETACPTDFLSIR(V),CETACPTDFLSIR,,,,
(R)AVAIMK(A),AVAIMK(A),AVAIMK,,,,
(R)AAEDPEFETFYTK(N),AAEDPEFETFYTK(N),AAEDPEFETFYTK,,,,
(R)SMGLAY(-),SMGLAY(-),SMGLAY,,,,
(K)TAGGILLPDTAK(E),TAGGILLPDTAK(E),TAGGILLPDTAK,,,,
(M)ANETMGIALGMIETR(G),ANETMGIALGMIETR(G),ANETMGIALGMIETR,,,,
(K)AASIAMITNTTSAAPAR(K),AASIAMITNTTSAAPAR(K),AASIAMITNTTSAAPAR,,,,
(R)VTNAIGNADNATITLN(-),VTNAIGNADNATITLN(-),VTNAIGNADNATITLN,,,,
(R)VYLGDETTR(S),VYLGDETTR(S),VYLGDETTR,,,,
(R)VYLGDETSR(S),VYLGDETSR(S),VYLGDETSR,,,,
(R)GLVPAIEAADAMTK(A),GLVPAIEAADAMTK(A),GLVPAIEAADAMTK,,,,
(M)ANETMGIALGMIETR(G),ANETMGIALGMIETR(G),ANETMGIALGMIETR,,,,
(R)GETGAVNAAVR(A),GETGAVNAAVR(A),GETGAVNAAVR,,,,
(K)EQCLALGTQLR(S),EQCLALGTQLR(S),EQCLALGTQLR,,,,
(R)GLVPAIEAADAMTK(A),GLVPAIEAADAMTK(A),GLVPAIEAADAMTK,,,,
(K)NVLLNEGIR(A),NVLLNEGIR(A),NVLLNEGIR,,,,
(R)LVPAGEVDEE(-),LVPAGEVDEE(-),LVPAGEVDEE,,,,
(-)MLDAFSR(Q),MLDAFSR(Q),MLDAFSR,,,,
(R)ASAADTPQAIAR(F),ASAADTPQAIAR(F),ASAADTPQAIAR,,,,
(M)TDENLPLGPK(K),TDENLPLGPK(K),TDENLPLGPK,,,,
(K)VGDPIAALDGAPK(W),VGDPIAALDGAPK(W),VGDPIAALDGAPK,,,,
(R)TVVPNLSLAMVWQR(Q),TVVPNLSLAMVWQR(Q),TVVPNLSLAMVWQR,,,,
(K)ALVNNLPLYR(E),ALVNNLPLYR(E),ALVNNLPLYR,,,,
(K)YLGSTGGLLNSAETEEK(H),YLGSTGGLLNSAETEEK(H),YLGSTGGLLNSAETEEK,,,,
(K)SVLTTVIAAADSGSR(F),SVLTTVIAAADSGSR(F),SVLTTVIAAADSGSR,,,,
(R)CLNGLR(E),CLNGLR(E),CLNGLR,,,,
(R)ESDNNITVSPR(-),ESDNNITVSPR(-),ESDNNITVSPR,,,,
(R)AYDFVSQEVR(A),AYDFVSQEVR(A),AYDFVSQEVR,,,,
(R)QAPEVGVGDNVLYSK(Y),QAPEVGVGDNVLYSK(Y),QAPEVGVGDNVLYSK,,,,
(K)AASIAMITNTTSAAPAR(K),AASIAMITNTTSAAPAR(K),AASIAMITNTTSAAPAR,,,,
(K)YYGLYDSAEGVVR(T),YYGLYDSAEGVVR(T),YYGLYDSAEGVVR,,,,
(K)GLSFGAPGSAGIGK(G),GLSFGAPGSAGIGK(G),GLSFGAPGSAGIGK,,,,
(K)IVVGGPYSSVSDAASVLDGSQK(S),IVVGGPYSSVSDAASVLDGSQK(S),IVVGGPYSSVSDAASVLDGSQK,,,,
(K)IVVGGPYSSVSDAASSLDSSQK(S),IVVGGPYSSVSDAASSLDSSQK(S),IVVGGPYSSVSDAASSLDSSQK,,,,
(-)MLTGSDLLTK(V),MLTGSDLLTK(V),MLTGSDLLTK,,,,
(R)LINYCLVTGGTGPLDELAINGQR(E),LINYCLVTGGTGPLDELAINGQR(E),LINYCLVTGGTGPLDELAINGQR,,,,
(R)EVEPALSNGNLLSQKG(-),EVEPALSNGNLLSQKG(-),EVEPALSNGNLLSQKG,,,,
(R)DSEICLR(Y),DSEICLR(Y),DSEICLR,,,,
(K)LAFYDYVGNSPAK(G),LAFYDYVGNSPAK(G),LAFYDYVGNSPAK,,,,
(K)IDLNNSSVR(R),IDLNNSSVR(R),IDLNNSSVR,,,,
(R)QSDNNITVSPR(-),QSDNNITVSPR(-),QSDNNITVSPR,,,,
(-)MLDAFSR(Q),MLDAFSR(Q),MLDAFSR,,,,
(R)FPSSSDMESVQGAIQR(A),FPSSSDMESVQGAIQR(A),FPSSSDMESVQGAIQR,,,,
(R)IGENTNPAK(L),IGENTNPAK(L),IGENTNPAK,,,,
(K)SLPGYAPGK(V),SLPGYAPGK(V),SLPGYAPGK,,,,
(K)ALSIDGGTYIVGFTAIR(N),ALSIDGGTYIVGFTAIR(N),ALSIDGGTYIVGFTAIR,,,,
(R)EATGLGLGDAK(A),EATGLGLGDAK(A),EATGLGLGDAK,,,,
(R)ASTADTPQAIAR(F),ASTADTPQAIAR(F),ASTADTPQAIAR,,,,
(K)SFISLGNR(R),SFISLGNR(R),SFISLGNR,,,,
(R)LGNLIK(S),LGNLIK(S),LGNLIK,,,,
(K)SAATALIGQTNTPAAGGSK(Y),SAATALIGQTNTPAAGGSK(Y),SAATALIGQTNTPAAGGSK,,,,
(R)VISAIG(-),VISAIG(-),VISAIG,,,,
(K)AASIAMITNTTSAAPARK(M),AASIAMITNTTSAAPARK(M),AASIAMITNTTSAAPARK,,,,
(K)IDLNNASVR(R),IDLNNASVR(R),IDLNNASVR,,,,
(R)ISGLIYEETR(G),ISGLIYEETR(G),ISGLIYEETR,,,,
(M)ANETMGIALGMIETR(G),ANETMGIALGMIETR(G),ANETMGIALGMIETR,,,,
(R)LILPGELAK(H),LILPGELAK(H),LILPGELAK,,,,
(K)DGEFPEKVNEGR(V),DGEFPEKVNEGR(V),DGEFPEKVNEGR,,,,
(K)TLSLLEASELVK(Q),TLSLLEASELVK(Q),TLSLLEASELVK,,,,
(K)DFGYSFPCDGPGR(G),DFGYSFPCDGPGR(G),DFGYSFPCDGPGR,,,,
(K)QAGEYTTFK(G),QAGEYTTFK(G),QAGEYTTFK,,,,
(R)EGISPNFR(G),EGISPNFR(G),EGISPNFR,,,,
(R)VPAFTAGK(M),VPAFTAGK(M),VPAFTAGK,,,,
(R)EVEPALGNGNLLGQKD(-),EVEPALGNGNLLGQKD(-),EVEPALGNGNLLGQKD,,,,
(R)SIPTLMVFK(G),SIPTLMVFK(G),SIPTLMVFK,,,,
(R)VVPTWADVLNR(A),VVPTWADVLNR(A),VVPTWADVLNR,,,,
(R)IAENAGANGAVVAENVK(S),IAENAGANGAVVAENVK(S),IAENAGANGAVVAENVK,,,,
(R)FQQFPGMYPSIAGK(I),FQQFPGMYPSIAGK(I),FQQFPGMYPSIAGK,,,,
(K)GGLFR(V),GGLFR(V),GGLFR,,,,
(K)AGQIAASPR(T),AGQIAASPR(T),AGQIAASPR,,,,
(R)EIQTAVR(L),EIQTAVR(L),EIQTAVR,,,,
(R)FPSSSDMESVQGAIQR(A),FPSSSDMESVQGAIQR(A),FPSSSDMESVQGAIQR,,,,
(K)TNQNVGLDPETLALATPAR(D),TNQNVGLDPETLALATPAR(D),TNQNVGLDPETLALATPAR,,,,
(R)DGEIVLR(Y),DGEIVLR(Y),DGEIVLR,,,,
(K)LAGNYDK(V),LAGNYDK(V),LAGNYDK,,,,
(R)YISYALLAGDPSVLDDR(C),YISYALLAGDPSVLDDR(C),YISYALLAGDPSVLDDR,,,,
(R)ETYDSDGVFR(S),ETYDSDGVFR(S),ETYDSDGVFR,,,,
(R)FLSNSEIQAASGR(F),FLSNSEIQAASGR(F),FLSNSEIQAASGR,,,,
(K)VAQEAVDAVYAVHPNGAVGR(Q),VAQEAVDAVYAVHPNGAVGR(Q),VAQEAVDAVYAVHPNGAVGR,,,,
(R)LVVAGPAQVK(A),LVVAGPAQVK(A),LVVAGPAQVK,,,,
(K)AQVFELPTGGAAEMNEGENLMYFAR(K),AQVFELPTGGAAEMNEGENLMYFAR(K),AQVFELPTGGAAEMNEGENLMYFAR,,,,
(K)VSESEEKTAGGILLPDTAK(E),VSESEEKTAGGILLPDTAK(E),VSESEEKTAGGILLPDTAK,,,,
(R)GMQVADAQLR(M),GMQVADAQLR(M),GMQVADAQLR,,,,
(K)DILAVVN(-),DILAVVN(-),DILAVVN,,,,
(K)TLYGFGG(-),TLYGFGG(-),TLYGFGG,,,,
(R)KEQCLALGTQLR(S),KEQCLALGTQLR(S),KEQCLALGTQLR,,,,
(R)FQQFPGMYPTIAGK(I),FQQFPGMYPTIAGK(I),FQQFPGMYPTIAGK,,,,
(K)AGNDLQVR(R),AGNDLQVR(R),AGNDLQVR,,,,
(K)LNTDENPNVASQYGIR(S),LNTDENPNVASQYGIR(S),LNTDENPNVASQYGIR,,,,
(R)TGVEIVQR(A),TGVEIVQR(A),TGVEIVQR,,,,
(R)EFVGGGYVTVLVR(G),EFVGGGYVTVLVR(G),EFVGGGYVTVLVR,,,,
(K)SADEVIEALER(I),SADEVIEALER(I),SADEVIEALER,,,,
(R)VVDLAEIVAK(N),VVDLAEIVAK(N),VVDLAEIVAK,,,,
(K)ADLVNLVAAR(T),ADLVNLVAAR(T),ADLVNLVAAR,,,,
(K)LAGGVAVVK(V),LAGGVAVVK(V),LAGGVAVVK,,,,
(R)IIYNEQAR(R),IIYNEQAR(R),IIYNEQAR,,,,
(R)SPTGEIIFGGETMR(F),SPTGEIIFGGETMR(F),SPTGEIIFGGETMR,,,,
(K)VFLENVIR(D),VFLENVIR(D),VFLENVIR,,,,
(R)RIGENTNPAK(L),RIGENTNPAK(L),RIGENTNPAK,,,,
(R)LVTYGVVAGDVTPIEEIGVIGAR(E),LVTYGVVAGDVTPIEEIGVIGAR(E),LVTYGVVAGDVTPIEEIGVIGAR,,,,
(R)TSNFLDPK(S),TSNFLDPK(S),TSNFLDPK,,,,
(K)DLGDVSK(S),DLGDVSK(S),DLGDVSK,,,,
(K)AASVANVVEVLR(E),AASVANVVEVLR(E),AASVANVVEVLR,,,,
(K)TFSDSADVKR(L),TFSDSADVKR(L),TFSDSADVKR,,,,
(R)AYDFVSQEIR(A),AYDFVSQEIR(A),AYDFVSQEIR,,,,
(R)VAQVLSESR(E),VAQVLSESR(E),VAQVLSESR,,,,
(R)LGANIGSAMGPTGLGK(Y),LGANIGSAMGPTGLGK(Y),LGANIGSAMGPTGLGK,,,,
(R)ADALVNGAAQAVYAK(Y),ADALVNGAAQAVYAK(Y),ADALVNGAAQAVYAK,,,,
(R)VQSAMDEGASQQAAYDAIPEK(L),VQSAMDEGASQQAAYDAIPEK(L),VQSAMDEGASQQAAYDAIPEK,,,,
(R)VPTPNVSAVDLVFESGR(A),VPTPNVSAVDLVFESGR(A),VPTPNVSAVDLVFESGR,,,,
(K)ATLSGTISK(Y),ATLSGTISK(Y),ATLSGTISK,,,,
(R)GVLNVAAVK(A),GVLNVAAVK(A),GVLNVAAVK,,,,
(K)ITGVLYGR(K),ITGVLYGR(K),ITGVLYGR,,,,
(R)GQVSLEAAK(V),GQVSLEAAK(V),GQVSLEAAK,,,,
(K)VSILGFGSFEPR(D),VSILGFGSFEPR(D),VSILGFGSFEPR,,,,
(K)LAPTIQPR(A),LAPTIQPR(A),LAPTIQPR,,,,
(R)ADIPFR(R),ADIPFR(R),ADIPFR,,,,
(R)AAVEEGIVAGGGTTLLR(L),AAVEEGIVAGGGTTLLR(L),AAVEEGIVAGGGTTLLR,,,,
(R)EVEPALSNGNLLSQK(G),EVEPALSNGNLLSQK(G),EVEPALSNGNLLSQK,,,,
(K)LAGGVAVIK(V),LAGGVAVIK(V),LAGGVAVIK,,,,
(R)SLGTPLEALADSIR(E),SLGTPLEALADSIR(E),SLGTPLEALADSIR,,,,
(K)TVTAMDVVYALKR(Q),TVTAMDVVYALKR(Q),TVTAMDVVYALKR,,,,
(K)ETYIALGVPTQSASR(A),ETYIALGVPTQSASR(A),ETYIALGVPTQSASR,,,,
(K)AVAELVDELAR(L),AVAELVDELAR(L),AVAELVDELAR,,,,
(R)DNIQGITKPAIR(R),DNIQGITKPAIR(R),DNIQGITKPAIR,,,,
(R)LEDAINATK(A),LEDAINATK(A),LEDAINATK,,,,
(R)GVLQVAAVR(A),GVLQVAAVR(A),GVLQVAAVR,,,,
(R)IISLLPFVNPEG(-),IISLLPFVNPEG(-),IISLLPFVNPEG,,,,
(K)TFSDSADVK(R),TFSDSADVK(R),TFSDSADVK,,,,
(R)EVEPALGNGNLLGQK(D),EVEPALGNGNLLGQK(D),EVEPALGNGNLLGQK,,,,
(K)AQVFELPTGGAAEMNEGENLMYFAR(K),AQVFELPTGGAAEMNEGENLMYFAR(K),AQVFELPTGGAAEMNEGENLMYFAR,,,,
(R)ELIIGDR(Q),ELIIGDR(Q),ELIIGDR,,,,
(K)DLGDVSKSDLVR(A),DLGDVSKSDLVR(A),DLGDVSKSDLVR,,,,
(R)DIGYYLR(M),DIGYYLR(M),DIGYYLR,,,,
(R)FEFVAEAVK(L),FEFVAEAVK(L),FEFVAEAVK,,,,
(K)LQNDVQPWQVR(R),LQNDVQPWQVR(R),LQNDVQPWQVR,,,,
(R)LVPGFEAPVNLVYSQGNR(S),LVPGFEAPVNLVYSQGNR(S),LVPGFEAPVNLVYSQGNR,,,,
(K)SVFDK(Y),SVFDK(Y),SVFDK,,,,
(K)ASDFLVTK(I),ASDFLVTK(I),ASDFLVTK,,,,
(R)IGISIPQSR(T),IGISIPQSR(T),IGISIPQSR,,,,
(K)VITETIPAGPSLLVK(V),VITETIPAGPSLLVK(V),VITETIPAGPSLLVK,,,,
(R)NVAAGANAISLK(K),NVAAGANAISLK(K),NVAAGANAISLK,,,,
(K)TTQAEVPQSVLPDSVFK(A),TTQAEVPQSVLPDSVFK(A),TTQAEVPQSVLPDSVFK,,,,
(K)VTLTSQSEGLNK(T),VTLTSQSEGLNK(T),VTLTSQSEGLNK,,,,
(K)METTHGNCSELISEASAYFDRVISAIG(-),METTHGNCSELISEASAYFDRVISAIG(-),METTHGNCSELISEASAYFDRVISAIG,,,,
(R)AAAMNLVPTSTGAASAVALVYPQMK(G),AAAMNLVPTSTGAASAVALVYPQMK(G),AAAMNLVPTSTGAASAVALVYPQMK,,,,
(R)LNFTAFYEALLEAK(G),LNFTAFYEALLEAK(G),LNFTAFYEALLEAK,,,,
(K)DLVADANSSSISTGSEFK(G),DLVADANSSSISTGSEFK(G),DLVADANSSSISTGSEFK,,,,
(R)NVAAGASPIELR(R),NVAAGASPIELR(R),NVAAGASPIELR,,,,
(R)VNAISAGPIR(T),VNAISAGPIR(T),VNAISAGPIR,,,,
(K)VIDLLAPYR(Q),VIDLLAPYR(Q),VIDLLAPYR,,,,
(R)FVQAGSEVSALLGR(M),FVQAGSEVSALLGR(M),FVQAGSEVSALLGR,,,,
(R)IPLTGPSPK(A),IPLTGPSPK(A),IPLTGPSPK,,,,
(R)VVTPLGQPMDGKGEIPTTENR(L),VVTPLGQPMDGKGEIPTTENR(L),VVTPLGQPMDGKGEIPTTENR,,,,
(R)VYLGSETTRSMGLAY(-),VYLGSETTRSMGLAY(-),VYLGSETTRSMGLAY,,,,
(R)VQSAMDEGASQQAAYEAIPEK(L),VQSAMDEGASQQAAYEAIPEK(L),VQSAMDEGASQQAAYEAIPEK,,,,
(R)AVAMSGTDGLVR(G),AVAMSGTDGLVR(G),AVAMSGTDGLVR,,,,
(K)FGAPQIINDGVTIAK(E),FGAPQIINDGVTIAK(E),FGAPQIINDGVTIAK,,,,
(R)STTAEEVNAALK(S),STTAEEVNAALK(S),STTAEEVNAALK,,,,
(R)GQILPTGEK(T),GQILPTGEK(T),GQILPTGEK,,,,
(K)EGVISLEEGK(S),EGVISLEEGK(S),EGVISLEEGK,,,,
(K)ALPDGGVIINTLNGDQNVAFFK(Q),ALPDGGVIINTLNGDQNVAFFK(Q),ALPDGGVIINTLNGDQNVAFFK,,,,
(R)NVVLEK(K),NVVLEK(K),NVVLEK,,,,
(K)LENYSAPFFR(L),LENYSAPFFR(L),LENYSAPFFR,,,,
(K)RCETACPTDFLSIR(V),RCETACPTDFLSIR(V),RCETACPTDFLSIR,,,,
(R)GMQVADAQLR(M),GMQVADAQLR(M),GMQVADAQLR,,,,
(R)YVSYAVLAGDASVLQDR(A),YVSYAVLAGDASVLQDR(A),YVSYAVLAGDASVLQDR,,,,
(K)TEPSLSMPDLD(-),TEPSLSMPDLD(-),TEPSLSMPDLD,,,,
(R)IIEGLTR(K),IIEGLTR(K),IIEGLTR,,,,
(R)KTEPSLSMPDLD(-),KTEPSLSMPDLD(-),KTEPSLSMPDLD,,,,
(R)ALTTGVDYAQGLVALGGDDK(V),ALTTGVDYAQGLVALGGDDK(V),ALTTGVDYAQGLVALGGDDK,,,,
(K)LQEQQNAQQVER(L),LQEQQNAQQVER(L),LQEQQNAQQVER,,,,
(K)AVAEVVGELAQLSK(A),AVAEVVGELAQLSK(A),AVAEVVGELAQLSK,,,,
(R)VTIGPRGR(N),VTIGPRGR(N),VTIGPRGR,,,,
(R)SYAGEIFLR(H),SYAGEIFLR(H),SYAGEIFLR,,,,
(R)GANTGIEVVGINVTSDPK(T),GANTGIEVVGINVTSDPK(T),GANTGIEVVGINVTSDPK,,,,
(R)IDPELIGTVIGPGGR(T),IDPELIGTVIGPGGR(T),IDPELIGTVIGPGGR,,,,
(R)IEEGGNLAYK(I),IEEGGNLAYK(I),IEEGGNLAYK,,,,
(R)ATILADLEDAEER(L),ATILADLEDAEER(L),ATILADLEDAEER,,,,
(R)KTEPSLSMPDLD(-),KTEPSLSMPDLD(-),KTEPSLSMPDLD,,,,
(R)VALEACVK(A),VALEACVK(A),VALEACVK,,,,
(K)ATLVIYDDLTK(Q),ATLVIYDDLTK(Q),ATLVIYDDLTK,,,,
(K)DTTTIVAEGNEMAVK(G),DTTTIVAEGNEMAVK(G),DTTTIVAEGNEMAVK,,,,
(K)ASVGTAWQEVK(L),ASVGTAWQEVK(L),ASVGTAWQEVK,,,,
(K)VDTVVGAVPK(A),VDTVVGAVPK(A),VDTVVGAVPK,,,,
(R)ALNGLR(E),ALNGLR(E),ALNGLR,,,,
(K)SASEGAMK(G),SASEGAMK(G),SASEGAMK,,,,
(R)ATGASFHNTNTNTMAK(K),ATGASFHNTNTNTMAK(K),ATGASFHNTNTNTMAK,,,,
(R)DKPVALSIVQAR(L),DKPVALSIVQAR(L),DKPVALSIVQAR,,,,
(R)QTTLGYIDNLR(E),QTTLGYIDNLR(E),QTTLGYIDNLR,,,,
(R)EAIAEPLNVIVEAVK(R),EAIAEPLNVIVEAVK(R),EAIAEPLNVIVEAVK,,,,
(K)LGEVGEK(I),LGEVGEK(I),LGEVGEK,,,,
(K)AISADSSGGFIGGAELSQLK(A),AISADSSGGFIGGAELSQLK(A),AISADSSGGFIGGAELSQLK,,,,
(R)TPPELAADIVDR(G),TPPELAADIVDR(G),TPPELAADIVDR,,,,
(K)TPLTEAVAAADSQGR(F),TPLTEAVAAADSQGR(F),TPLTEAVAAADSQGR,,,,
(K)AYTALLDLKPGDEFEIK(L),AYTALLDLKPGDEFEIK(L),AYTALLDLKPGDEFEIK,,,,
(K)APNVPPPDVTVANPPADLVTR(K),APNVPPPDVTVANPPADLVTR(K),APNVPPPDVTVANPPADLVTR,,,,
(R)TFELSPSWYVEALK(H),TFELSPSWYVEALK(H),TFELSPSWYVEALK,,,,
(K)THAEEELY(-),THAEEELY(-),THAEEELY,,,,
(K)YGDLPLVSSDYAGTNESTIVDAALTMTIGDNMVKVVAWYDNEWGYSQR(V),YGDLPLVSSDYAGTNESTIVDAALTMTIGDNMVKVVAWYDNEWGYSQR(V),YGDLPLVSSDYAGTNESTIVDAALTMTIGDNMVKVVAWYDNEWGYSQR,,,,
(K)LGDETTR(R),LGDETTR(R),LGDETTR,,,,
(K)IASVPVGDAMLGR(V),IASVPVGDAMLGR(V),IASVPVGDAMLGR,,,,
(K)YGGAIPETYGVPVEEIQEGIR(N),YGGAIPETYGVPVEEIQEGIR(N),YGGAIPETYGVPVEEIQEGIR,,,,
(R)VAQVLSESRER(I),VAQVLSESRER(I),VAQVLSESRER,,,,
(K)SVSVSNVGTVLQIGDGIAR(V),SVSVSNVGTVLQIGDGIAR(V),SVSVSNVGTVLQIGDGIAR,,,,
(R)WIYGSTTQTTGYVPETVIR(-),WIYGSTTQTTGYVPETVIR(-),WIYGSTTQTTGYVPETVIR,,,,
(R)VGLLGDDFVLNPSYR(E),VGLLGDDFVLNPSYR(E),VGLLGDDFVLNPSYR,,,,
(R)VQSAMDEGASQQAAYEAIPEK(L),VQSAMDEGASQQAAYEAIPEK(L),VQSAMDEGASQQAAYEAIPEK,,,,
(R)GMEALDTGAPISVPVGEATLGR(I),GMEALDTGAPISVPVGEATLGR(I),GMEALDTGAPISVPVGEATLGR,,,,
(K)FGAPDIVNDGVTIAR(E),FGAPDIVNDGVTIAR(E),FGAPDIVNDGVTIAR,,,,
(R)EIELDDPFENLGAK(L),EIELDDPFENLGAK(L),EIELDDPFENLGAK,,,,
(K)NQIDPGEGFDEDLFELPAER(L),NQIDPGEGFDEDLFELPAER(L),NQIDPGEGFDEDLFELPAER,,,,
(K)YSINVGGNR(G),YSINVGGNR(G),YSINVGGNR,,,,
(K)LAQQETGEIK(G),LAQQETGEIK(G),LAQQETGEIK,,,,
(R)ILADIQDGTFAK(N),ILADIQDGTFAK(N),ILADIQDGTFAK,,,,
(K)AALEASVR(Y),AALEASVR(Y),AALEASVR,,,,
(K)TLSLICSIQEPR(T),TLSLICSIQEPR(T),TLSLICSIQEPR,,,,
(K)VLDQTFGINK(G),VLDQTFGINK(G),VLDQTFGINK,,,,
(R)ETFGALGVPTGSAAR(A),ETFGALGVPTGSAAR(A),ETFGALGVPTGSAAR,,,,
(K)NATPLVEVR(A),NATPLVEVR(A),NATPLVEVR,,,,
(K)GLIDDVPEDQVTQFSR(E),GLIDDVPEDQVTQFSR(E),GLIDDVPEDQVTQFSR,,,,
(R)LAEGNTIQLFPES(-),LAEGNTIQLFPES(-),LAEGNTIQLFPES,,,,
(K)NFGSKSADEVIEALER(I),NFGSKSADEVIEALER(I),NFGSKSADEVIEALER,,,,
(K)GVDPLPDAE(-),GVDPLPDAE(-),GVDPLPDAE,,,,
(R)ILSQAFGLINER(T),ILSQAFGLINER(T),ILSQAFGLINER,,,,
(K)TCGGPPNGIQVER(D),TCGGPPNGIQVER(D),TCGGPPNGIQVER,,,,
(R)ALSITQGR(A),ALSITQGR(A),ALSITQGR,,,,
(R)TGGDPIELFETAVK(N),TGGDPIELFETAVK(N),TGGDPIELFETAVK,,,,
(K)EMVVDSNGSSISAGTEFK(G),EMVVDSNGSSISAGTEFK(G),EMVVDSNGSSISAGTEFK,,,,
(K)DLVADANSSSISTGSEFKGQTR(T),DLVADANSSSISTGSEFKGQTR(T),DLVADANSSSISTGSEFKGQTR,,,,
(K)AMLPVYESK(D),AMLPVYESK(D),AMLPVYESK,,,,
(R)VLDTPEFTR(S),VLDTPEFTR(S),VLDTPEFTR,,,,
(K)AALADIAVLTGGTVISEDR(A),AALADIAVLTGGTVISEDR(A),AALADIAVLTGGTVISEDR,,,,
(K)GGQPLFFGEGTYANLSQTAR(W),GGQPLFFGEGTYANLSQTAR(W),GGQPLFFGEGTYANLSQTAR,,,,
(K)TVLGE(-),TVLGE(-),TVLGE,,,,
(K)VEDVVK(V),VEDVVK(V),VEDVVK,,,,
(K)LTELETKPTVFETGIK(V),LTELETKPTVFETGIK(V),LTELETKPTVFETGIK,,,,
(R)SPTGEIIFGGETMR(F),SPTGEIIFGGETMR(F),SPTGEIIFGGETMR,,,,
(R)FLISDEGIAFLK(N),FLISDEGIAFLK(N),FLISDEGIAFLK,,,,
(K)FSQSLAQDPATR(R),FSQSLAQDPATR(R),FSQSLAQDPATR,,,,
(K)ADFAPSR(I),ADFAPSR(I),ADFAPSR,,,,
(R)LVVGIPSGVTGVER(R),LVVGIPSGVTGVER(R),LVVGIPSGVTGVER,,,,
(K)APEASLEK(K),APEASLEK(K),APEASLEK,,,,
(K)IVSLAPEVI(-),IVSLAPEVI(-),IVSLAPEVI,,,,
(K)DDENINSQPFQR(W),DDENINSQPFQR(W),DDENINSQPFQR,,,,
(K)VTQADLGQARR(I),VTQADLGQARR(I),VTQADLGQARR,,,,
(K)DEAETVKK(A),DEAETVKK(A),DEAETVKK,,,,
(R)TSNFLDPKSR(A),TSNFLDPKSR(A),TSNFLDPKSR,,,,
(R)IPLTGPNPK(A),IPLTGPNPK(A),IPLTGPNPK,,,,
(K)SLGGEVVGEDYLPLGNTEVAPIIAK(I),SLGGEVVGEDYLPLGNTEVAPIIAK(I),SLGGEVVGEDYLPLGNTEVAPIIAK,,,,
(R)STTAEEVNAALKSASEGAMK(G),STTAEEVNAALKSASEGAMK(G),STTAEEVNAALKSASEGAMK,,,,
(R)QVIGPVLDVEFPAGK(L),QVIGPVLDVEFPAGK(L),QVIGPVLDVEFPAGK,,,,
(R)ALTTGVEYAQGLVALGGDDK(E),ALTTGVEYAQGLVALGGDDK(E),ALTTGVEYAQGLVALGGDDK,,,,
(K)EMVVDSNGSSISAGTEFK(G),EMVVDSNGSSISAGTEFK(G),EMVVDSNGSSISAGTEFK,,,,
(-)MAAIDLSNVTK(V),MAAIDLSNVTK(V),MAAIDLSNVTK,,,,
(M)IQQESFLTVADNSGAK(R),IQQESFLTVADNSGAK(R),IQQESFLTVADNSGAK,,,,
(R)AAAAGFEK(G),AAAAGFEK(G),AAAAGFEK,,,,
(M)VYGEAIVVFDPSLSEAVEYLQK(Q),VYGEAIVVFDPSLSEAVEYLQK(Q),VYGEAIVVFDPSLSEAVEYLQK,,,,
(R)DFSTFLSTGDVNIDR(A),DFSTFLSTGDVNIDR(A),DFSTFLSTGDVNIDR,,,,
(K)TPASYEYNVEVTK(E),TPASYEYNVEVTK(E),TPASYEYNVEVTK,,,,
(R)GGLDLTKDDENINSQPFQR(W),GGLDLTKDDENINSQPFQR(W),GGLDLTKDDENINSQPFQR,,,,
(K)VNEGEVFNGTITR(I),VNEGEVFNGTITR(I),VNEGEVFNGTITR,,,,
(-)MAAIDLSNVTK(V),MAAIDLSNVTK(V),MAAIDLSNVTK,,,,
(K)SYDVEVIDVR(R),SYDVEVIDVR(R),SYDVEVIDVR,,,,
(R)DSISNTAEYGDYVSGPR(L),DSISNTAEYGDYVSGPR(L),DSISNTAEYGDYVSGPR,,,,
(-)MLLNLTGK(K),MLLNLTGK(K),MLLNLTGK,,,,
(K)AVNANSKTLGNNFK(A),AVNANSKTLGNNFK(A),AVNANSKTLGNNFK,,,,
(K)NQISPGDGEDRDLFELAAEELEK(I),NQISPGDGEDRDLFELAAEELEK(I),NQISPGDGEDRDLFELAAEELEK,,,,
(R)SINLQAGDLR(E),SINLQAGDLR(E),SINLQAGDLR,,,,
(K)ADYLGVVEQLEK(Q),ADYLGVVEQLEK(Q),ADYLGVVEQLEK,,,,
(K)AASVANVVEVLREK(G),AASVANVVEVLREK(G),AASVANVVEVLREK,,,,
(K)LNAEAQTK(L),LNAEAQTK(L),LNAEAQTK,,,,
(R)EAAVADPANFDPR(H),EAAVADPANFDPR(H),EAAVADPANFDPR,,,,
(R)HANDMATLLSER(I),HANDMATLLSER(I),HANDMATLLSER,,,,
(K)TCGGPPNGIQVERDR(L),TCGGPPNGIQVERDR(L),TCGGPPNGIQVERDR,,,,
(K)FTDLHGK(W),FTDLHGK(W),FTDLHGK,,,,
(R)AIPNYNVMGVAK(A),AIPNYNVMGVAK(A),AIPNYNVMGVAK,,,,
(-)VPAQAETTSPVR(W),VPAQAETTSPVR(W),VPAQAETTSPVR,,,,
(A)PTIQPR(A),PTIQPR(A),PTIQPR,,,,
(I)LPGELAK(H),LPGELAK(H),LPGELAK,,,,
(V)AIMK(A),AIMK(A),AIMK,,,,
(L)DAFSR(Q),DAFSR(Q),DAFSR,,,,
(I)EGLTR(K),EGLTR(K),EGLTR,,,,
(F)ISLGNR(R),ISLGNR(R),ISLGNR,,,,
(I)PTLMVFK(G),PTLMVFK(G),PTLMVFK,,,,
(L)DAFSR(Q),DAFSR(Q),DAFSR,,,,
(R)LVPAGE(V),LVPAGE(V),LVPAGE,,,,
(R)EGISPNFR(G),EGISPNFR(G),EGISPNFR,,,,
(S)PNFR(G),PNFR(G),PNFR,,,,
(Y)LGDETSR(S),LGDETSR(S),LGDETSR,,,,
(S)EICLR(Y),EICLR(Y),EICLR,,,,
(A)VAIMK(A),VAIMK(A),VAIMK,,,,
(L)LNEGIR(A),LNEGIR(A),LNEGIR,,,,
(I)GYYLR(M),GYYLR(M),GYYLR,,,,
(V)PAGEVDEE(-),PAGEVDEE(-),PAGEVDEE,,,,
(E)NLPLGPK(K),NLPLGPK(K),NLPLGPK,,,,
(T)PQAIAR(F),PQAIAR(F),PQAIAR,,,,
(F)LENVIR(D),LENVIR(D),LENVIR,,,,
(L)GDETSR(S),GDETSR(S),GDETSR,,,,
(L)PLYR(E),PLYR(E),PLYR,,,,
(T)GVLYGR(K),GVLYGR(K),GVLYGR,,,,
(I)SLGNR(R),SLGNR(R),SLGNR,,,,
(T)GAVNAAVR(A),GAVNAAVR(A),GAVNAAVR,,,,
(M)LDAFSR(Q),LDAFSR(Q),LDAFSR,,,,
(E)ICLR(Y),ICLR(Y),ICLR,,,,
(I)AASPR(T),AASPR(T),AASPR,,,,
(L)TGSDLLTK(V),TGSDLLTK(V),TGSDLLTK,,,,
(A)AADSGSR(F),AADSGSR(F),AADSGSR,,,,
(F)PCDGPGR(G),PCDGPGR(G),PCDGPGR,,,,
(V)IAAADSGSR(F),IAAADSGSR(F),IAAADSGSR,,,,
(L)GNLIK(S),GNLIK(S),GNLIK,,,,
(M)LDAFSR(Q),LDAFSR(Q),LDAFSR,,,,
(I)GCTQCVR(A),GCTQCVR(A),GCTQCVR,,,,
(D)AFSR(Q),AFSR(Q),AFSR,,,,
(L)IIGDR(Q),IIGDR(Q),IIGDR,,,,
(T)SAAPAR(K),SAAPAR(K),SAAPAR,,,,
(A)TALTGQYPK(Y),TALTGQYPK(Y),TALTGQYPK,,,,
(D)IPFR(R),IPFR(R),IPFR,,,,
(K)IYDTCIGCTQCVR(A),IYDTCIGCTQCVR(A),IYDTCIGCTQCVR,,,,
(R)CETACPTDFLSIR(V),CETACPTDFLSIR(V),CETACPTDFLSIR,,,,
(R)SMGLAY(-),SMGLAY(-),SMGLAY,,,,
(M)TATALTGQYPK(Y),TATALTGQYPK(Y),TATALTGQYPK,,,,
(M)ANETMGIALGMIETR(G),ANETMGIALGMIETR(G),ANETMGIALGMIETR,,,,
(R)VYLGDETSR(S),VYLGDETSR(S),VYLGDETSR,,,,
(K)TAGGIIIPDTAK(E),TAGGIIIPDTAK(E),TAGGIIIPDTAK,,,,
(R)GLVPAIEAADAMTK(A),GLVPAIEAADAMTK(A),GLVPAIEAADAMTK,,,,
(M)ANETMGIALGMIETR(G),ANETMGIALGMIETR(G),ANETMGIALGMIETR,,,,
(R)ETYAALGVPTGSAAR(A),ETYAALGVPTGSAAR(A),ETYAALGVPTGSAAR,,,,
(R)GETGAVNAAVR(A),GETGAVNAAVR(A),GETGAVNAAVR,,,,
(R)GLVPAIEAADAMTK(A),GLVPAIEAADAMTK(A),GLVPAIEAADAMTK,,,,
(R)AVAIMK(A),AVAIMK(A),AVAIMK,,,,
(M)TDENLPLGPK(T),TDENLPLGPK(T),TDENLPLGPK,,,,
(K)ALVNNLPLYR(E),ALVNNLPLYR(E),ALVNNLPLYR,,,,
(R)ASAADTPQAIAR(F),ASAADTPQAIAR(F),ASAADTPQAIAR,,,,
(R)AAEDPEFETFYTK(N),AAEDPEFETFYTK(N),AAEDPEFETFYTK,,,,
(K)EQCLALGTQLR(T),EQCLALGTQLR(T),EQCLALGTQLR,,,,
(-)MLDAFSR(K),MLDAFSR(K),MLDAFSR,,,,
(K)YLGSTGGLLNSAETEEK(Y),YLGSTGGLLNSAETEEK(Y),YLGSTGGLLNSAETEEK,,,,
(R)EATGLGLGDAK(A),EATGLGLGDAK(A),EATGLGLGDAK,,,,
(R)CLNGLR(E),CLNGLR(E),CLNGLR,,,,
(M)ANETMGIALGMIETR(G),ANETMGIALGMIETR(G),ANETMGIALGMIETR,,,,
(K)TLSLLEASELVK(Q),TLSLLEASELVK(Q),TLSLLEASELVK,,,,
(K)IEDYK(I),IEDYK(I),IEDYK,,,,
(K)NVLLNEGIR(A),NVLLNEGIR(A),NVLLNEGIR,,,,
(R)VPAFTAGK(M),VPAFTAGK(M),VPAFTAGK,,,,
(K)LAFYDYVGNSPAK(G),LAFYDYVGNSPAK(G),LAFYDYVGNSPAK,,,,
(-)MLDAFSR(K),MLDAFSR(K),MLDAFSR,,,,
(K)SAATALIGQTNTPASGGAK(Y),SAATALIGQTNTPASGGAK(Y),SAATALIGQTNTPASGGAK,,,,
(R)AYDFVSQEVR(A),AYDFVSQEVR(A),AYDFVSQEVR,,,,
(K)GMQVADAQLR(M),GMQVADAQLR(M),GMQVADAQLR,,,,
(R)DGEIVLR(Y),DGEIVLR(Y),DGEIVLR,,,,
(R)LINYCLVTGGTGPLDELAINGQR(E),LINYCLVTGGTGPLDELAINGQR(E),LINYCLVTGGTGPLDELAINGQR,,,,
(R)VISAIG(-),VISAIG(-),VISAIG,,,,
(K)TNQNVGLDPETLALATPAR(D),TNQNVGLDPETLALATPAR(D),TNQNVGLDPETLALATPAR,,,,
(R)SIPTLMVFK(G),SIPTLMVFK(G),SIPTLMVFK,,,,
(R)EFVGGGYVTVLVR(G),EFVGGGYVTVLVR(G),EFVGGGYVTVLVR,,,,
(K)ADLVNLVAAR(T),ADLVNLVAAR(T),ADLVNLVAAR,,,,
(K)GGLFR(V),GGLFR(V),GGLFR,,,,
(R)IAENAGANGAVVAENVK(S),IAENAGANGAVVAENVK(S),IAENAGANGAVVAENVK,,,,
(K)VSILGFGSFEPR(E),VSILGFGSFEPR(E),VSILGFGSFEPR,,,,
(K)LNTDENPNVASQYGIR(S),LNTDENPNVASQYGIR(S),LNTDENPNVASQYGIR,,,,
(K)DFGYSFPCDGPGR(G),DFGYSFPCDGPGR(G),DFGYSFPCDGPGR,,,,
(R)GIEKEDIER(G),GIEKEDIER(G),GIEKEDIER,,,,
(K)DGVFPEK(V),DGVFPEK(V),DGVFPEK,,,,
(K)AGQIASSPR(T),AGQIASSPR(T),AGQIASSPR,,,,
(R)KEQCLALGTQLR(T),KEQCLALGTQLR(T),KEQCLALGTQLR,,,,
(R)TGVEIVQR(A),TGVEIVQR(A),TGVEIVQR,,,,
(K)DGVFPEKVNEGR(V),DGVFPEKVNEGR(V),DGVFPEKVNEGR,,,,
(R)VVPTWADVLNR(S),VVPTWADVLNR(S),VVPTWADVLNR,,,,
(R)FEFVAEAVK(L),FEFVAEAVK(L),FEFVAEAVK,,,,
(R)GVLNVAAVK(A),GVLNVAAVK(A),GVLNVAAVK,,,,
(R)ETYAALGVPTGSASR(A),ETYAALGVPTGSASR(A),ETYAALGVPTGSASR,,,,
(K)DLDEGLAGDNCGLLLR(G),DLDEGLAGDNCGLLLR(G),DLDEGLAGDNCGLLLR,,,,
(K)LAGGVAVVK(V),LAGGVAVVK(V),LAGGVAVVK,,,,
(R)IIYNEQAR(R),IIYNEQAR(R),IIYNEQAR,,,,
(K)VQDYAEIDGAPEER(E),VQDYAEIDGAPEER(E),VQDYAEIDGAPEER,,,,
(R)SPTGEIIFGGETMR(F),SPTGEIIFGGETMR(F),SPTGEIIFGGETMR,,,,
(R)TSNFLDPK(S),TSNFLDPK(S),TSNFLDPK,,,,
(K)TTLTAAITSVLAK(K),TTLTAAITSVLAK(K),TTLTAAITSVLAK,,,,
(R)FLSNTEVQAASGR(F),FLSNTEVQAASGR(F),FLSNTEVQAASGR,,,,
(R)AAVEEGIVAGGGTTLLR(L),AAVEEGIVAGGGTTLLR(L),AAVEEGIVAGGGTTLLR,,,,
(R)VPTPNVSAVDLVFESGR(S),VPTPNVSAVDLVFESGR(S),VPTPNVSAVDLVFESGR,,,,
(K)LAGGVAVIK(V),LAGGVAVIK(V),LAGGVAVIK,,,,
(R)LGANIGSAMGPTGLGK(Y),LGANIGSAMGPTGLGK(Y),LGANIGSAMGPTGLGK,,,,
(R)LVPGFEAPVNLVYSQGNR(S),LVPGFEAPVNLVYSQGNR(S),LVPGFEAPVNLVYSQGNR,,,,
(K)VAALIEAR(Q),VAALIEAR(Q),VAALIEAR,,,,
(K)AASVANVVEVLR(E),AASVANVVEVLR(E),AASVANVVEVLR,,,,
(K)SADEVIEALER(I),SADEVIEALER(I),SADEVIEALER,,,,
(R)VVDLAELVAK(N),VVDLAELVAK(N),VVDLAELVAK,,,,
(R)EVEPALGNGEFLGQKD(-),EVEPALGNGEFLGQKD(-),EVEPALGNGEFLGQKD,,,,
(R)GVLQVAAVR(A),GVLQVAAVR(A),GVLQVAAVR,,,,
(K)GMQVADAQLR(M),GMQVADAQLR(M),GMQVADAQLR,,,,
(R)LEEGGNLAYK(M),LEEGGNLAYK(M),LEEGGNLAYK,,,,
(R)VNAISAGPIR(T),VNAISAGPIR(T),VNAISAGPIR,,,,
(R)AYDFVSQEIR(A),AYDFVSQEIR(A),AYDFVSQEIR,,,,
(M)SIVSNSIINADAEAR(Y),SIVSNSIINADAEAR(Y),SIVSNSIINADAEAR,,,,
(-)MANETMGIALGMIETR(G),MANETMGIALGMIETR(G),MANETMGIALGMIETR,,,,
(R)LEDAINATK(A),LEDAINATK(A),LEDAINATK,,,,
(K)QVGVPALVVALNK(C),QVGVPALVVALNK(C),QVGVPALVVALNK,,,,
(K)VIDLLAPYR(Q),VIDLLAPYR(Q),VIDLLAPYR,,,,
(R)FVQAGSEVSALLGR(M),FVQAGSEVSALLGR(M),FVQAGSEVSALLGR,,,,
(K)VAVGINEVPSGLAR(A),VAVGINEVPSGLAR(A),VAVGINEVPSGLAR,,,,
(R)GLVPAIEAADAMTKAAEVR(L),GLVPAIEAADAMTKAAEVR(L),GLVPAIEAADAMTKAAEVR,,,,
(K)TTQAEVPQSVLPDSVFK(A),TTQAEVPQSVLPDSVFK(A),TTQAEVPQSVLPDSVFK,,,,
(R)IPLTGPSPK(A),IPLTGPSPK(A),IPLTGPSPK,,,,
(K)LQNDVQPWQVR(R),LQNDVQPWQVR(R),LQNDVQPWQVR,,,,
(K)QAGEYTTFK(G),QAGEYTTFK(G),QAGEYTTFK,,,,
(R)VAINGFGR(I),VAINGFGR(I),VAINGFGR,,,,
(K)AIEEVGGK(V),AIEEVGGK(V),AIEEVGGK,,,,
(K)ASATTMITNTNNTTEPK(R),ASATTMITNTNNTTEPK(R),ASATTMITNTNNTTEPK,,,,
(K)LAPTIQPR(A),LAPTIQPR(A),LAPTIQPR,,,,
(M)TETLVGQFPK(H),TETLVGQFPK(H),TETLVGQFPK,,,,
(K)TLSLICSIQEPR(S),TLSLICSIQEPR(S),TLSLICSIQEPR,,,,
(R)SYAGEIFLR(H),SYAGEIFLR(H),SYAGEIFLR,,,,
(R)IGISLPQSR(T),IGISLPQSR(T),IGISLPQSR,,,,
(K)IASVPVGEAMLGR(V),IASVPVGEAMLGR(V),IASVPVGEAMLGR,,,,
(K)ILVTGIANNR(S),ILVTGIANNR(S),ILVTGIANNR,,,,
(R)AVAMSGTDGLVR(G),AVAMSGTDGLVR(G),AVAMSGTDGLVR,,,,
(R)NVAAGASPIELR(R),NVAAGASPIELR(R),NVAAGASPIELR,,,,
(R)YLSPGELDQIK(A),YLSPGELDQIK(A),YLSPGELDQIK,,,,
(R)VALEACVK(A),VALEACVK(A),VALEACVK,,,,
(R)NVAAGANAISLK(K),NVAAGANAISLK(K),NVAAGANAISLK,,,,
(K)MTGELICPVAIEQGMR(F),MTGELICPVAIEQGMR(F),MTGELICPVAIEQGMR,,,,
(R)GQILPTGEK(T),GQILPTGEK(T),GQILPTGEK,,,,
(R)LEIQAIADDVSSK(Y),LEIQAIADDVSSK(Y),LEIQAIADDVSSK,,,,
(K)ITTLPEYYLTR(T),ITTLPEYYLTR(T),ITTLPEYYLTR,,,,
(R)EAIAEPLNVIVEAVK(R),EAIAEPLNVIVEAVK(R),EAIAEPLNVIVEAVK,,,,
(R)STTAEEVNAALK(S),STTAEEVNAALK(S),STTAEEVNAALK,,,,
(R)TPPELAADIVDR(G),TPPELAADIVDR(G),TPPELAADIVDR,,,,
(K)AIEEVGGKVSLK(-),AIEEVGGKVSLK(-),AIEEVGGKVSLK,,,,
(R)ETTETESQNYGYK(F),ETTETESQNYGYK(F),ETTETESQNYGYK,,,,
(K)ALPDGGVIINTLNGDQNVAFFK(Q),ALPDGGVIINTLNGDQNVAFFK(Q),ALPDGGVIINTLNGDQNVAFFK,,,,
(R)YVSYALLAGDASVLQDR(C),YVSYALLAGDASVLQDR(C),YVSYALLAGDASVLQDR,,,,
(R)LINLSGR(L),LINLSGR(L),LINLSGR,,,,
(K)YGGAIPETYGVPVEEIQEGIR(N),YGGAIPETYGVPVEEIQEGIR(N),YGGAIPETYGVPVEEIQEGIR,,,,
(R)QTTLGYIDNLR(E),QTTLGYIDNLR(E),QTTLGYIDNLR,,,,
(K)FPSFSQGLAQDPTTR(R),FPSFSQGLAQDPTTR(R),FPSFSQGLAQDPTTR,,,,
(R)SVQATLQR(Y),SVQATLQR(Y),SVQATLQR,,,,
(K)MTGELICPVAIEQGMR(F),MTGELICPVAIEQGMR(F),MTGELICPVAIEQGMR,,,,
(R)VQLGQTLTR(G),VQLGQTLTR(G),VQLGQTLTR,,,,
(K)SFIADGNK(R),SFIADGNK(R),SFIADGNK,,,,
(R)KTEPALSMPDLD(-),KTEPALSMPDLD(-),KTEPALSMPDLD,,,,
(K)SKLETINPIN(-),SKLETINPIN(-),SKLETINPIN,,,,
(R)TIGAGVVSK(I),TIGAGVVSK(I),TIGAGVVSK,,,,
(K)FGAPQIINDGVTIAK(E),FGAPQIINDGVTIAK(E),FGAPQIINDGVTIAK,,,,
(K)AALEASVR(Y),AALEASVR(Y),AALEASVR,,,,
(-)MASLFSTLQR(S),MASLFSTLQR(S),MASLFSTLQR,,,,
(K)VDTVVGAVPK(A),VDTVVGAVPK(A),VDTVVGAVPK,,,,
(R)FSCDGPGR(G),FSCDGPGR(G),FSCDGPGR,,,,
(R)NAEAESVIQTR(A),NAEAESVIQTR(A),NAEAESVIQTR,,,,
(R)LAEGNTIQLFPES(-),LAEGNTIQLFPES(-),LAEGNTIQLFPES,,,,
(R)ALTTGVDYAQGLVALGGDDK(D),ALTTGVDYAQGLVALGGDDK(D),ALTTGVDYAQGLVALGGDDK,,,,
(R)VTIGPRGR(N),VTIGPRGR(N),VTIGPRGR,,,,
(K)LLSFSDDSR(S),LLSFSDDSR(S),LLSFSDDSR,,,,
(K)EVQELIK(G),EVQELIK(G),EVQELIK,,,,
(R)SIGNLR(L),SIGNLR(L),SIGNLR,,,,
(R)VLDTPEFTR(S),VLDTPEFTR(S),VLDTPEFTR,,,,
(K)LTELETKPTVFETGIK(V),LTELETKPTVFETGIK(V),LTELETKPTVFETGIK,,,,
(R)GMEKAVAQLVEELAR(L),GMEKAVAQLVEELAR(L),GMEKAVAQLVEELAR,,,,
(K)ATLVIYDDLTK(Q),ATLVIYDDLTK(Q),ATLVIYDDLTK,,,,
(R)DTVNLPK(A),DTVNLPK(A),DTVNLPK,,,,
(R)IGENPNPAGLKFTTK(N),IGENPNPAGLKFTTK(N),IGENPNPAGLKFTTK,,,,
(R)GMEAIDTGAPISVPVGEATLGR(I),GMEAIDTGAPISVPVGEATLGR(I),GMEAIDTGAPISVPVGEATLGR,,,,
(K)AVEHVIDK(L),AVEHVIDK(L),AVEHVIDK,,,,
(K)FEGQVYVLK(K),FEGQVYVLK(K),FEGQVYVLK,,,,
(R)LVVGIPSGVTGVER(R),LVVGIPSGVTGVER(R),LVVGIPSGVTGVER,,,,
(R)GPNGLSLEK(L),GPNGLSLEK(L),GPNGLSLEK,,,,
(K)YEEVQQLR(Q),YEEVQQLR(Q),YEEVQQLR,,,,
(R)IEVIGVGGGGSNAVNR(M),IEVIGVGGGGSNAVNR(M),IEVIGVGGGGSNAVNR,,,,
(K)DDENINSQPFQR(W),DDENINSQPFQR(W),DDENINSQPFQR,,,,
(K)ANLGFR(F),ANLGFR(F),ANLGFR,,,,
(R)VNFTIDETAVAEGATGRER(L),VNFTIDETAVAEGATGRER(L),VNFTIDETAVAEGATGRER,,,,
(R)DKPVALSIVQAR(V),DKPVALSIVQAR(V),DKPVALSIVQAR,,,,
(R)TFELSPSWYVEALK(H),TFELSPSWYVEALK(H),TFELSPSWYVEALK,,,,
(K)IASVPVGEAMLGR(V),IASVPVGEAMLGR(V),IASVPVGEAMLGR,,,,
(K)IASQSIYSQPEANESGAR(I),IASQSIYSQPEANESGAR(I),IASQSIYSQPEANESGAR,,,,
(R)GQATTLGNSLRR(V),GQATTLGNSLRR(V),GQATTLGNSLRR,,,,
(K)AMLPVYESK(N),AMLPVYESK(N),AMLPVYESK,,,,
(R)TLQTNIESIQAR(K),TLQTNIESIQAR(K),TLQTNIESIQAR,,,,
(R)VAQVLCESR(E),VAQVLCESR(E),VAQVLCESR,,,,
(R)GKEFEVVAINDLTDNK(M),GKEFEVVAINDLTDNK(M),GKEFEVVAINDLTDNK,,,,
(R)GGLDLTKDDENINSQPFQR(W),GGLDLTKDDENINSQPFQR(W),GGLDLTKDDENINSQPFQR,,,,
(K)GIIDPTK(V),GIIDPTK(V),GIIDPTK,,,,
(K)LTALTMPETEVFLTEGEVR(K),LTALTMPETEVFLTEGEVR(K),LTALTMPETEVFLTEGEVR,,,,
(R)GIDILAESVAVTLGPK(G),GIDILAESVAVTLGPK(G),GIDILAESVAVTLGPK,,,,
(R)QVIGPVLDVEFPAGK(L),QVIGPVLDVEFPAGK(L),QVIGPVLDVEFPAGK,,,,
(K)DENRDAVNAR(V),DENRDAVNAR(V),DENRDAVNAR,,,,
(R)VNYTVDETAVGEGGSAR(E),VNYTVDETAVGEGGSAR(E),VNYTVDETAVGEGGSAR,,,,
(R)QTTLGYIDNLRESFVPEDR(S),QTTLGYIDNLRESFVPEDR(S),QTTLGYIDNLRESFVPEDR,,,,
(R)DWVSNMEDTHYALGTACGPHPFPEIVSYFQSIVGKESREQLLANGAK(L),DWVSNMEDTHYALGTACGPHPFPEIVSYFQSIVGKESREQLLANGAK(L),DWVSNMEDTHYALGTACGPHPFPEIVSYFQSIVGKESREQLLANGAK,,,,
(K)EIDLEDPFENIGAK(L),EIDLEDPFENIGAK(L),EIDLEDPFENIGAK,,,,
(K)SGQPLFFGEGAYANLSQTAR(W),SGQPLFFGEGAYANLSQTAR(W),SGQPLFFGEGAYANLSQTAR,,,,
(R)IKDLTDDELTR(I),IKDLTDDELTR(I),IKDLTDDELTR,,,,
(R)QWELSYR(L),QWELSYR(L),QWELSYR,,,,
(K)TPASYEYNVAVTK(E),TPASYEYNVAVTK(E),TPASYEYNVAVTK,,,,
(R)AIEAAQAAISSPLLEAAR(I),AIEAAQAAISSPLLEAAR(I),AIEAAQAAISSPLLEAAR,,,,
(R)TREGNDLYEEFKESGVINSDDLSK(S),TREGNDLYEEFKESGVINSDDLSK(S),TREGNDLYEEFKESGVINSDDLSK,,,,
(K)FEQPGFFSK(S),FEQPGFFSK(S),FEQPGFFSK,,,,
(R)TREGNDLYEEFKESGVINADDLTQSK(V),TREGNDLYEEFKESGVINADDLTQSK(V),TREGNDLYEEFKESGVINADDLTQSK,,,,
(R)LSGGDQLHTGTVVGK(L),LSGGDQLHTGTVVGK(L),LSGGDQLHTGTVVGK,,,,
(R)SIIEK(D),SIIEK(D),SIIEK,,,,
(K)QAGGQLFQK(R),QAGGQLFQK(R),QAGGQLFQK,,,,
(R)VEDALNATR(A),VEDALNATR(A),VEDALNATR,,,,
(R)IIYNEQARR(A),IIYNEQARR(A),IIYNEQARR,,,,
(K)AFVTGGQR(R),AFVTGGQR(R),AFVTGGQR,,,,
(K)AGVEIVK(K),AGVEIVK(K),AGVEIVK,,,,
(R)QAAEGISR(L),QAAEGISR(L),QAAEGISR,,,,
(R)INAQGQLDVALESLQR(I),INAQGQLDVALESLQR(I),INAQGQLDVALESLQR,,,,
(R)TNNMNMK(R),TNNMNMK(R),TNNMNMK,,,,
(R)LSEIPQFAGVDVWGR(L),LSEIPQFAGVDVWGR(L),LSEIPQFAGVDVWGR,,,,
(K)GEIATSETR(L),GEIATSETR(L),GEIATSETR,,,,
(K)GVVRQVIGPVLDVEFPAGK(L),GVVRQVIGPVLDVEFPAGK(L),GVVRQVIGPVLDVEFPAGK,,,,
(R)YVSYALLAGDPSVLEDR(C),YVSYALLAGDPSVLEDR(C),YVSYALLAGDPSVLEDR,,,,
(R)ALSITQGR(A),ALSITQGR(A),ALSITQGR,,,,
(R)SINLQAGDLR(E),SINLQAGDLR(E),SINLQAGDLR,,,,
(R)GLGAGGNPSIGQK(A),GLGAGGNPSIGQK(A),GLGAGGNPSIGQK,,,,
(R)ISDNVALVPSLA(-),ISDNVALVPSLA(-),ISDNVALVPSLA,,,,
(R)TREGNDLYEEFK(E),TREGNDLYEEFK(E),TREGNDLYEEFK,,,,
(R)GDANDVESQR(L),GDANDVESQR(L),GDANDVESQR,,,,
(K)NQIDPGDGEDR(D),NQIDPGDGEDR(D),NQIDPGDGEDR,,,,
(R)IYVGWFGVLMVPTLLAAAICFTIAFIAAPPVDIDGIR(E),IYVGWFGVLMVPTLLAAAICFTIAFIAAPPVDIDGIR(E),IYVGWFGVLMVPTLLAAAICFTIAFIAAPPVDIDGIR,,,,
(R)EVSEKTGVSIQTLSR(I),EVSEKTGVSIQTLSR(I),EVSEKTGVSIQTLSR,,,,
(K)DHQVEGDLR(R),DHQVEGDLR(R),DHQVEGDLR,,,,
(R)EAAVADPANFDPR(H),EAAVADPANFDPR(H),EAAVADPANFDPR,,,,
(R)LVPGFEAPVNLVYSEGNR(S),LVPGFEAPVNLVYSEGNR(S),LVPGFEAPVNLVYSEGNR,,,,
(M)TISPPER(G),TISPPER(G),TISPPER,,,,
(R)QIKDEGIELIDLK(F),QIKDEGIELIDLK(F),QIKDEGIELIDLK,,,,
(R)EQLLANGAK(L),EQLLANGAK(L),EQLLANGAK,,,,
(K)MLTGVNTLANAVKVTLGPK(G),MLTGVNTLANAVKVTLGPK(G),MLTGVNTLANAVKVTLGPK,,,,
(M)NLFDYEDGR(E),NLFDYEDGR(E),NLFDYEDGR,,,,
(R)GQAITLGNALR(R),GQAITLGNALR(R),GQAITLGNALR,,,,
(K)VGGATEVEVK(E),VGGATEVEVK(E),VGGATEVEVK,,,,
(K)QAQAYR(Q),QAQAYR(Q),QAQAYR,,,,
(R)AYDDASSVTAAFNR(N),AYDDASSVTAAFNR(N),AYDDASSVTAAFNR,,,,
(K)EGYFPVAPNDTAQDIR(S),EGYFPVAPNDTAQDIR(S),EGYFPVAPNDTAQDIR,,,,
(K)SVTKEEINAAMK(A),SVTKEEINAAMK(A),SVTKEEINAAMK,,,,
(R)LVLYIGSSIGNFDPADATGLLR(R),LVLYIGSSIGNFDPADATGLLR(R),LVLYIGSSIGNFDPADATGLLR,,,,
(K)AALVYGQMDEPPGVR(L),AALVYGQMDEPPGVR(L),AALVYGQMDEPPGVR,,,,
(V)AIMK(A),AIMK(A),AIMK,,,,
(I)PTLMVFK(G),PTLMVFK(G),PTLMVFK,,,,
(E)FVAEAVK(L),FVAEAVK(L),FVAEAVK,,,,
(A)VAIMK(A),VAIMK(A),VAIMK,,,,
(A)NLGFR(F),NLGFR(F),NLGFR,,,,
(D)ENLPLGPK(T),ENLPLGPK(T),ENLPLGPK,,,,
(L)LNEGIR(A),LNEGIR(A),LNEGIR,,,,
(V)AALIEAR(Q),AALIEAR(Q),AALIEAR,,,,
(E)NLPLGPK(T),NLPLGPK(T),NLPLGPK,,,,
(T)PQAIAR(F),PQAIAR(F),PQAIAR,,,,
(K)QAGEYTTFK(G),QAGEYTTFK(G),QAGEYTTFK,,,,
(L)PLYR(E),PLYR(E),PLYR,,,,
(F)PCDGPGR(G),PCDGPGR(G),PCDGPGR,,,,
(I)GCTQCVR(A),GCTQCVR(A),GCTQCVR,,,,
(D)AFSR(K),AFSR(K),AFSR,,,,
(A)PTIQPR(A),PTIQPR(A),PTIQPR,,,,