TYADPR,A0A0M5IXZ4,Uncharacterized protein,292913
TYADPR,Q13CT6,Uncharacterized protein,316057
TYADPR,A4IDF8,Uncharacterized protein,5671
TYADPR,A0A0V1FJL0,WW domain-containing oxidoreductase,6337
TYADPR,E9BTQ4,Uncharacterized protein,981087
TYADPR,A0A0V0XKN0,WW domain-containing oxidoreductase,6337
TYADPR,A0A0V0TPN5,WW domain-containing oxidoreductase,144512
TYADPR,A0A0V1CW73,WW domain-containing oxidoreductase,45882
TYADPR,A0A0A1UKC3,SET-domain and PHD finger protein,1086054
TYADPR,A0A0V0XKJ3,WW domain-containing oxidoreductase,6337
TYADPR,A0A0V1BNS9,WW domain-containing oxidoreductase,6334
TYADPR,A0A0V1NIC8,WW domain-containing oxidoreductase,92180
TYADPR,L5MC12,Testis-expressed protein 14,225400
TYADPR,A0A0V0X397,WW domain-containing oxidoreductase,92179
TYADPR,A0A0V1DV22,WW domain-containing oxidoreductase,6337
TYADPR,A0A0V0TQM2,WW domain-containing oxidoreductase,144512
TYADPR,A0A0V0VM73,WW domain-containing oxidoreductase,181606
TYADPR,J1GNU0,Uncharacterized protein,1123721
TYADPR,D4J7M8,Acyl CoA:acetate/3-ketoacid CoA transferase,717962
TYADPR,A0A0V1A653,WW domain-containing oxidoreductase,990121
TYADPR,A0A0M8KA27,DNA topoisomerase (ATP-hydrolyzing),872965
TYADPR,A0A0V1JUJ5,WW domain-containing oxidoreductase,6337
TYADPR,E9ASV9,Uncharacterized protein,929439
TYADPR,Q0WY12,Chitinase,77133
TYADPR,A0A0V0VL33,WW domain-containing oxidoreductase,181606
TYADPR,A0A074RSB9,SET-domain and PHD finger protein,1423351
TYADPR,A0A0N9Y7N2,Uncharacterized protein,137591
TYADPR,A0A0V1IAZ7,WW domain-containing oxidoreductase,6337
TYADPR,A0A0V0RI81,WW domain-containing oxidoreductase,6336
TYADPR,Q4Q1N7,Uncharacterized protein,5664
TYADPR,A0A0V1M5N4,WW domain-containing oxidoreductase,268474
TYADPR,A0A0V1JUH6,WW domain-containing oxidoreductase,6337
TYADPR,E5SHP8,WW domain-containing oxidoreductase,6334
TYADPR,A4HP51,Uncharacterized protein,5660
TYADPR,A0A0P0SFN9,ABC transporter substrate-binding protein,1096856
TYADPR,A0A0V0X389,WW domain-containing oxidoreductase,92179
TYADPR,A0A0V1L817,WW domain-containing oxidoreductase,6335
TYADPR,H1X4Q7,Uncharacterized protein,1127131
TYADPR,A0A0V1H8K7,WW domain-containing oxidoreductase,268475
TYADPR,A0A088S255,"Major vault protein, putative",5679
TYADPR,A0A0Q7YYQ9,Cell wall hydrolase,1736474
LTVPATR,A0A0V2FH58,Uncharacterized protein,155892
LTVPATR,X7YJK4,"Histidine kinase-, DNA gyrase B-, and HSP90-like ATPase family protein",1299334
YNVPATR,A0XWQ9,Putative orphan protein putative sensory-box domain,156578
YNVPATR,A0A0D6ULZ6,Chromosome segregation protein SMC,28450
YNVPATR,U1L555,Uncharacterized protein,1117316
YNVPATR,A0A090BJX2,Sporulation-specific chitinase 2,4911
YNVPATR,W0T6N2,Sporulation-specific chitinase 2,1003335
YNVPATR,A0A0W1BF81,Diguanylate phosphodiesterase,1761891
YNVPATR,A0A0W1KTC7,Diguanylate phosphodiesterase,1761890
WDVPR,A0A0S8FAX8,Uncharacterized protein,1704029
WDVPR,U3PBC8,Uncharacterized protein,1389489
WDVPR,M2MYM6,Uncharacterized protein,717646
WDVPR,A0A136J658,WD repeat domain-containing protein,196109
WDVPR,A0A0J0EJU3,UTP13-U3 snoRNP protein,5127
WDVPR,T1BH48,Ribonuclease D,410659
WDVPR,A0A0D1X6R9,Uncharacterized protein,212818
WDVPR,A0A0M2Q0L1,Uncharacterized protein,28095
WDVPR,A0A096BDZ2,Uncharacterized protein,742738
WDVPR,A0A0M3ER58,ABC transporter ATP-binding protein,582
WDVPR,W8B2N4,SEC14-like protein 2,7213
WDVPR,A0A0L8KZY8,NAD synthetase,67356
WDVPR,T1B3Q2,Oar family adhesion protein,410659
WDVPR,A0A096CPL1,Uncharacterized protein,742738
WDVPR,A0A0E9N9Z7,Uncharacterized protein,698492
WDVPR,B2WAP3,WD repeat containing protein mip1,426418
WDVPR,A0A0H5R762,Uncharacterized protein,70186
WDVPR,J1RF62,Cell envelope-related transcriptional attenuator,1160718
WDVPR,A0A0M4EIY1,CG13893,30019
WDVPR,S0DUH8,Related to UTP13-U3 snoRNP protein,1279085
WDVPR,A0A0M8YHX6,Uncharacterized protein,1415542
WDVPR,A0A088V5R2,Cytochrome P450 family protein,95486
WDVPR,E4ZUC8,Similar to WD repeat containing protein mip1,985895
WDVPR,A0A0I9Y1L8,UTP13-U3 snoRNP protein,5127
WDVPR,X2FCU2,Virion protein US10,340907
WDVPR,F2RRY6,Putative uncharacterized protein,647933
WDVPR,W6ZKD7,Uncharacterized protein,930090
WDVPR,W9G4I7,Uncharacterized protein,1386089
WDVPR,A0A0P4RCG8,Putative dehydratase,1546107
WDVPR,R0JUQ6,Uncharacterized protein,671987
WDVPR,A0A0C3MJR7,Uncharacterized protein,1051891
WDVPR,Q0B304,Beta-ketoacyl synthase,339670
WDVPR,A5VG38,Patatin,392499
WDVPR,E4U547,Futalosine hydrolase,670487
WDVPR,A0A0X8E3V2,MFS transporter,412690
WDVPR,S9V3C6,Uncharacterized protein,28005
WDVPR,G2SLM5,Uncharacterized protein,762570
WDVPR,X0Q0N6,Uncharacterized protein,1219028
WDVPR,A0A0L1HD61,Wd repeat-containing protein mip1,183478
WDVPR,W7DUD4,Uncharacterized protein,930091
WDVPR,H6RJ40,Putative permeases of the major facilitator superfamily,1146883
WDVPR,K0KR11,Pantothenate transporter,1206466
WDVPR,A0A118NYQ9,Uncharacterized protein,28095
WDVPR,W7J451,Uncharacterized protein,909613
WDVPR,A0A088U3F9,Uncharacterized protein,95486
WDVPR,A0A0M9VUM1,Metallocarboxypeptidase A,150374
WDVPR,C1EGM1,Uncharacterized protein,296587
WDVPR,M2UQ80,Uncharacterized protein,701091
WDVPR,M0DG53,Uncharacterized protein,1227487
WDVPR,S0FM92,Uncharacterized protein,1195236
WDVPR,Q5EGX1,US10,340907
WDVPR,A0A0B5D7R7,Histidine kinase,40318
WDVPR,T0YPF3,TonB-dependent receptor plug,410659
WDVPR,F6CNI7,Phosphonate metabolism PhnJ,760568
WDVPR,A0A0A1XMT9,SEC14-like protein 2,28588
WDVPR,T1CLI7,Tonb-dependent outer membrane receptor oar-like protein,410659
WDVPR,A0A0F0EY87,Uncharacterized protein,1619947
WDVPR,Q70IG7,Endogenous retrovirus group K member 19 Env polyprotein,11723
WDVPR,F0YGW7,Putative uncharacterized protein,44056
WDVPR,K8P8G1,Uncharacterized protein,883079
WDVPR,A0A0N0ANS5,Uncharacterized protein,1519495
WDVPR,B7RFU8,Transglycosylase SLT domain protein,391589
WDVPR,B5H401,Serine/threonine protein kinase,443255
WDVPR,F8PFK1,Putative uncharacterized protein,936435
WDVPR,A0A101M9Z2,Uncharacterized protein,48697
WDVPR,G9YPZ9,DnaD domain protein,411475
WDVPR,M2T8P3,Uncharacterized protein,665912
WDVPR,R1FPX2,Uncharacterized protein,2903
WDVPR,A0A0H4XBY5,Malonyl CoA-acyl carrier protein transacylase,1297742
WDVPR,A0A0C3QEL9,Uncharacterized protein,1051891
WDVPR,W6Y6Y0,Uncharacterized protein,930089
WDVPR,X2FHZ4,Virion protein US10,340907
WDVPR,A0A076H548,Glycosyl transferase family 1,1280380
WDVPR,F8NF28,Putative uncharacterized protein,578457
WDVPR,A0A0C3M7W1,Uncharacterized protein,1051891
WDVPR,A0A0V0RNS0,Retrovirus-related Pol polyprotein from transposon 17.6,6336
WDVPR,C6W864,ABC transporter related,446462
WDVPR,A0A0M2H542,Nitrite reductase (NADH) small subunit,92835
WDVPR,A0A101NVH9,ABC oligopeptide transporter,67386
WDVPR,A0A0F2N659,Carbon-phosphorus lyase complex subunit PhnJ,1629716
WDVPR,R7WNJ8,ABC oligopeptide transporter,1273125
WDVPR,Q82H43,Putative TetR-family transcriptional regulator,227882
WDVPR,Q8KUF0,ABC transporter,42198
WDVPR,W8HA44,Protein phnJ,543736
WDVPR,A0A0K9QQN4,Uncharacterized protein,3562
WDVPR,A0A0A8EVY8,Putative lantibiotic dehydratase,1262452
WDVPR,A0A0C3Q1Y0,Uncharacterized protein,1051891
WDVPR,E3RN59,Putative uncharacterized protein,861557
WDVPR,A0A0B5DXT8,Allophanate hydrolase subunit 1,1208324
WDVPR,A0A0S8HHN5,Na+:solute symporter,1703353
WDVPR,A0A0K9QSQ4,Uncharacterized protein,3562
WDVPR,H2PNW7,Uncharacterized protein,9601
WDVPR,A0A0W7X5R8,Uncharacterized protein,1765722
WDVPR,Q3SGK4,Alpha-D-ribose 1-methylphosphonate 5-phosphate C-P lyase,292415
WDVPR,K0SAL0,Uncharacterized protein,159749
WDVPR,A0A076EWH2,ABC oligopeptide transporter,37919
WDVPR,A0A068NZ45,Uncharacterized protein,661478
WDVPR,N4XM20,Uncharacterized protein,665024
WDVPR,A0A0D8ZTR8,Aminoglycoside phosphotransferase,1618023
WDVPR,A0A0P7ZRZ6,Uncharacterized protein,1666916
WDVPR,B3PG48,Uncharacterized protein,498211
WDVPR,K8ERN5,Uncharacterized protein,41875
WDVPR,A0A0B2C3P6,Peroxidase,1572751
WDVPR,A0A0D7VW30,Uncharacterized protein,1435349
WDVPR,Q0V6K8,Uncharacterized protein,321614
WDVPR,A0A0Q4UQN7,Oxidoreductase,1736311
WDVPR,H0VCJ9,Uncharacterized protein,10141
WDVPR,A0A061A306,Magnesium or manganese-dependent proteinphosphatase,576784
WDVPR,A0A117S0Y8,NAD synthetase,909626
WDVPR,A0A0F6W8S6,Retron-type RNA-directed DNA polymerase,927083
WDVPR,D8PND0,Amine oxidase,578458
WDVPR,D8UJS5,Putative uncharacterized protein,3068
WDVPR,A0A076MIS8,Putative lantibiotic dehydratase,1068978
WDVPR,K0KNA6,Vitamin H transporter,1206466
WDVPR,A4A4N8,Uncharacterized protein,314285
WDVPR,H1C8Y5,DnaD and phage-associated domain-containing protein,658087
WDVPR,W8AYM3,SEC14-like protein 2,7213
EGADVPR,Q2GXN9,ATP-dependent DNA helicase,306901
EGADVPR,E1T9Q4,"Transcriptional regulator, GntR family with aminotransferase domain",640512
KPVLPK,K8EQ22,Uncharacterized protein,41875
KPVLPK,L7FJI6,Tat pathway signal sequence domain protein,698760
KPVLPK,A0A0Q0DM96,MFS transporter,251700
KPVLPK,D8QLC9,Putative uncharacterized protein,578458
KPVLPK,A0A0R1XYX1,DNA-directed DNA polymerase,1423761
KPVLPK,A0A0F9N6R3,Uncharacterized protein,412755
KPVLPK,B4NUU0,GD24437,7240
KPVLPK,C4LW61,Uncharacterized protein,5759
KPVLPK,A0A0F9SC22,Uncharacterized protein,412755
KPVLPK,W5JYJ4,Uncharacterized protein,7994
KPVLPK,C5BAB3,"Flagellar assembly protein FliH, putative",634503
KPVLPK,A0A0Q0JXT5,Indolepyruvate ferredoxin oxidoreductase,33069
KPVLPK,A0A0P9QKP8,MFS transporter,251653
KPVLPK,R5Y7M4,Uncharacterized protein,1262736
KPVLPK,N9V626,Uncharacterized protein,885318
KPVLPK,A0A0P9XVA4,Indolepyruvate ferredoxin oxidoreductase,251707
KPVLPK,M3U301,Uncharacterized protein,885319
KPVLPK,N2A782,DNA-directed DNA polymerase,97137
KPVLPK,G5GIS9,Uncharacterized protein,679200
KPVLPK,M4AKU9,Uncharacterized protein,8083
KPVLPK,G8R4S0,Lysine--tRNA ligase,926562
KPVLPK,W9SCJ7,Uncharacterized protein,981085
KPVLPK,U6PXI0,GTP-binding subdomain and GTP-binding protein domain containing protein,6289
KPVLPK,M2QHG9,Uncharacterized protein,885311
KPVLPK,V6S4L9,Uncharacterized protein,1341155
KPVLPK,A0A0N0ERE5,Pyruvate ferredoxin/flavodoxin oxidoreductase,235277
KPVLPK,A0A061QM85,tRNA (Cytidine32/guanosine34-2'-O)-methyltransferase,582737
KPVLPK,A0A0W0KHQ5,Indolepyruvate ferredoxin oxidoreductase,1198294
KPVLPK,A0A0W0LXY8,Indolepyruvate ferredoxin oxidoreductase,1198318
KPVLPK,T1HY62,Uncharacterized protein,13249
KPVLPK,A0A0N8SPN4,Indolepyruvate ferredoxin oxidoreductase,55398
KPVLPK,A4CH87,Acyltransferase family protein,313596
KPVLPK,A0A077XPQ3,DNA-directed DNA polymerase,403776
KPVLPK,A0A0K8TMK9,Putative muscle m-line assembly protein unc-89,304241
KPVLPK,M7WHV3,Uncharacterized protein,885315
KPVLPK,A3Z095,"Amylo-alpha-1,6-glucosidase",69042
KPVLPK,A0A0Q0ALJ3,Indolepyruvate ferredoxin oxidoreductase,83963
KPVLPK,C8X3S8,Uncharacterized protein,485915
KPVLPK,U2H6M2,DNA-directed DNA polymerase,1346330
KPVLPK,A0A0M4LWS2,MFS transporter,1332075
KPVLPK,F2ZP77,Indolepyruvate ferredoxin oxidoreductase,563797
KPVLPK,F3GUM7,Indolepyruvate ferredoxin oxidoreductase,629264
KPVLPK,H3F4T8,Uncharacterized protein,54126
KPVLPK,A0A0R3LK90,Glycerol-3-phosphate dehydrogenase,1518501
KPVLPK,A0A0F6XA70,"Indolepyruvate ferredoxin oxidoreductase, alphaand beta subunits",1324932
KPVLPK,A0A0A0AAK4,Cytoskeleton-associated protein 2,50402
KPVLPK,A0A0P9IEH5,Pyruvate ferredoxin/flavodoxin oxidoreductase family protein,129135
KPVLPK,Q1JVU4,Lon protease,281689
KPVLPK,W2DEF0,"Transposition protein, TnsC-like protein",1284392
KPVLPK,A0A0W0KY28,Indolepyruvate ferredoxin oxidoreductase,1198307
KPVLPK,A0A0M0V3F1,Indolepyruvate ferredoxin oxidoreductase,83964
KPVLPK,A0A0N4W410,Uncharacterized protein,6290
KPVLPK,A0A0D0MID0,Indolepyruvate ferredoxin oxidoreductase,33069
KPVLPK,A0A0Q0FYC3,Indolepyruvate ferredoxin oxidoreductase,200454
EVPCPK,L7FAQ5,"DNA polymerase III, delta subunit",698760
EVPCPK,W2Q620,Uncharacterized protein,761204
EVPCPK,B5G7Z1,"DNA polymerase III, delta subunit",465543
EVPCPK,F3Z9N3,"Putative DNA polymerase III, delta subunit",355249
EVPCPK,A0A0S8F1B2,Uncharacterized protein,1703416
EVPCPK,A0A0T6LLF9,DNA polymerase III subunit delta,76728
EVPCPK,A0LTX1,UvrABC system protein A,351607
EVPCPK,D9UL59,"DNA polymerase III, delta subunit",591157
EVPCPK,W2PAL4,Uncharacterized protein,761204
EVPCPK,C4LIC6,UvrABC system protein A,645127
EVPCPK,A0A0C1LIR0,Uncharacterized protein,1349421
GTCQLR,A0A0F7L5F5,Uncharacterized protein,186617
GTCQLR,A0A100IKA2,Arrestin domain containing protein,5061
GTCQLR,G3XN16,Uncharacterized protein,380704
GTCQLR,A2R3E2,"Aspergillus niger contig An14c0130, genomic contig",425011
GTCQLR,G7XUZ9,Arrestin domain containing protein,1033177
GTCQLR,I3JY14,Uncharacterized protein,8128
GTCQLR,A0A0B6XZD4,Uncharacterized protein,1028688
GTCQLR,I3JY15,Uncharacterized protein,8128
GTCQLR,A0A0B6XZF8,Uncharacterized protein,1028688
GTCQLR,A0A0H2S6V7,Cysteine proteinase,27342
LSSALFR,A0A0P7ZSC9,3-hydroxyacyl-CoA dehydrogenase,1666914
LSSALFR,X1T3E9,Uncharacterized protein,412755
NNVPAEK,M7SZI3,Putative glycoside hydrolase family 18 protein,1287681
NCSNK,Q4Z7R5,Putative uncharacterized protein,5823
NCSNK,J0M5N6,Uncharacterized protein,7209
NCSNK,A0A139HZP6,Uncharacterized protein,113226
NCSNK,A4SBN8,Uncharacterized protein,436017
NCSNK,A0A024VU00,Uncharacterized protein,1036724
NCSNK,A0A0D9QQE0,Uncharacterized protein,5857
NCSNK,J9F7Y8,Uncharacterized protein,1172189
NCSNK,G7KE32,Uncharacterized protein,3880
NCSNK,Q54CV2,Uncharacterized protein,44689
NCSNK,A0A0N5E073,Uncharacterized protein,70415
NCSNK,H3GEJ0,Uncharacterized protein,164328
NCSNK,A0A0L8I2G8,Uncharacterized protein,37653
NCSNK,G4V901,Putative uncharacterized protein,6183
NCSNK,C6X008,Uncharacterized protein,531844
NCSNK,A0A0G0H406,Uncharacterized protein,1618545
NCSNK,A0A0C9Z086,"Unplaced genomic scaffold scaffold_2, whole genome shotgun sequence",765257
NCSNK,A0A118JXK2,Uncharacterized protein,59895
NCSNK,A0A077XZW6,"Transcription factor with AP2 domain(S), putative",5861
NCSNK,A0A0N5B147,Uncharacterized protein,451379
NCSNK,A4S6T6,Uncharacterized protein,436017
NCSNK,R5VUQ9,Transcriptional regulator BadM/Rrf2 family,1262867
NCSNK,A0A0S7J6K2,PPUP7241,188132
NCSNK,A0A0Y9TEN5,"Transcription factor with AP2 domain(S), putative",5821
NCSNK,A0A0B5Q499,Glycyl radical-activating protein,1520
NCSNK,A0A078K5R2,"Transcription factor with AP2 domain(S), putative",5861
NCSNK,A0A024W0Y1,SBDS family rRNA metabolism protein,1036725
NCSNK,B9IC19,Uncharacterized protein,3694
NCSNK,W7EV58,SBDS family rRNA metabolism protein,57266
NCSNK,K2GQT2,Uncharacterized protein,1076696
NCSNK,A0A0A9RV03,Uncharacterized protein,35708
NCSNK,A0A0D9QQC2,Uncharacterized protein,5857
NCSNK,W7JZR1,"SBDS family rRNA metabolism protein, variant",5843
NCSNK,A0A0N4WKQ0,Uncharacterized protein,6290
NCSNK,A0A0R2XMJ0,Uncharacterized protein,1655636
NCSNK,W7F9R9,Uncharacterized protein,478859
NCSNK,A4VEL2,Glycoside hydrolase family 76 protein,312017
NCSNK,G7J0P8,Uncharacterized protein,3880
NCSNK,W4IUG7,SBDS family rRNA metabolism protein,57270
NCSNK,W5K800,Uncharacterized protein,7994
NCSNK,Q7RPF5,Uncharacterized protein,73239
NCSNK,A0A0B7NCA8,Uncharacterized protein,35722
NCSNK,Q9GRV2,Ubiquitin carboxyl-terminal hydrolase,6239
NCSNK,A0A0M9A2M5,PHD and RING finger domain-containing protein 1,166423
NCSNK,A0A0P4WES5,Uncharacterized protein,85551
NCSNK,A0A077XRH5,Uncharacterized protein,403776
NCSNK,A0A0N5BP76,Uncharacterized protein,174720
NCSNK,A0A024V1V2,SBDS family rRNA metabolism protein,1036723
NCSNK,W7F5Y3,"SBDS family rRNA metabolism protein, variant",57266
NCSNK,A0DHN1,Uncharacterized protein,5888
NCSNK,A0A0Y9XJA1,Uncharacterized protein,5821
NCSNK,W7JRF5,SBDS family rRNA metabolism protein,1237627
NCSNK,S2K753,Uncharacterized protein,1220926
NCSNK,N9V0H5,50S ribosomal protein L32,1188235
NCSNK,R0HIT3,Long-chain-alcohol oxidase,81985
NCSNK,A0A024V2M0,"SBDS family rRNA metabolism protein, variant",1036723
NCSNK,A0A0Q3FGB8,Uncharacterized protein,15368
NCSNK,R4KI42,Ribose-phosphate pyrophosphokinase,86416
NCSNK,K0IN77,Uncharacterized protein,1237085
NCSNK,A0A139R749,Uncharacterized protein,28037
NCSNK,W4IAV8,"SBDS family rRNA metabolism protein, variant",1036726
NCSNK,A0A077X6Q7,"Transcription factor with AP2 domain(S), putative",5823
NCSNK,G2YJN9,Similar to WD domain-containing protein,999810
NCSNK,A0DS74,Uncharacterized protein,5888
NCSNK,A0A072VQD7,Uncharacterized protein,3880
NCSNK,W7J597,"SBDS family rRNA metabolism protein, variant",1237627
NCSNK,A0A091UCV6,X-linked retinitis pigmentosa GTPase regulator,97097
NCSNK,W7JYQ8,SBDS family rRNA metabolism protein,5843
NCSNK,V7PF21,Uncharacterized protein,1323249
NCSNK,A0A0A9J1B6,Uncharacterized protein,35708
NCSNK,A0A0A9PVX6,Uncharacterized protein,35708
NCSNK,A0A095A587,Uncharacterized protein,6185
NCSNK,A0A0Q4L0I9,Uncharacterized protein,1736216
NCSNK,Q8ILY6,Uncharacterized protein,36329
NCSNK,T2MEG9,Ubiquitin-protein ligase E3A,6087
NCSNK,A0A132A3U2,"Dynein heavy chain, cytoplasmic-like protein",52283
NCSNK,A0A084VX08,AGAP000545-PA-like protein,74873
NCSNK,W7AIZ6,Uncharacterized protein,138298
NCSNK,Q6CMT2,KLLA0E17887p,284590
NCSNK,A0A090BRW8,Inhibitory regulator protein IRA2,4911
NCSNK,A0A0J1GEJ1,Uncharacterized protein,1504536
NCSNK,A0A113SRB0,"Transcription factor with AP2 domain(S), putative",5821
NCSNK,W4IB40,SBDS family rRNA metabolism protein,1036726
NCSNK,M7W970,Uncharacterized protein,885315
NCSNK,L7IKU8,Uncharacterized protein,1143189
NCSNK,A0A077Y5J7,Uncharacterized protein,5861
NCSNK,M7U3Y7,Putative wd domain protein,1290391
NCSNK,W8AQ86,Retrovirus-related Pol polyprotein from transposon TNT 1-94,7213
NCSNK,A0A0L0C0P7,Follicle cell protein 3C-1,7375
NCSNK,Q5CVV4,Uncharacterized protein,353152
NCSNK,U2ZG15,Uncharacterized protein,1219065
NCSNK,A0A0A8E7A1,50S ribosomal protein L32,743971
NCSNK,Q86PQ3,TSP1 domain-containing protein TSP2,5807
NCSNK,A0A0S4TFY0,Uncharacterized protein,237895
NCSNK,L7IYR3,Uncharacterized protein,1143193
NCSNK,E4X6H3,Uncharacterized protein,34765
NCSNK,L8I5K9,Sentrin-specific protease 2,72004
NCSNK,A0A0C9XVW3,"Unplaced genomic scaffold scaffold_170, whole genome shotgun sequence",765257
NCSNK,G7ICZ9,Uncharacterized protein,3880
NCSNK,A0A0S7J4N8,PPUP7245,188132
NCSNK,K6TYN3,Glycyl-radical enzyme activator family protein,1196322
NCSNK,T1F247,Uncharacterized protein,6412
NCSNK,A0A0D2NWC0,Uncharacterized protein,29730
NCSNK,A0A0B7KC59,Uncharacterized protein,29856
NCSNK,C4M9G0,Uncharacterized protein,5759
NCSNK,F4PHG6,Putative uncharacterized protein,1054147
NCSNK,A0A097SQ67,Uncharacterized protein,402236
NCSNK,D3BIP2,Uncharacterized protein,13642
NCSNK,D2TP47,Transcriptional regulator,637910
NCSNK,Q5CRC0,TRAP-C2 extracellular protein,353152
NCSNK,A0DS56,Uncharacterized protein,5888
NCSNK,V8TSS4,MurC/ddl bifunctional enzyme,1427370
NCSNK,A0A098LCX2,Uncharacterized protein,153721
NCSNK,A4S7M2,Uncharacterized protein,436017
NCSNK,A0A0L0FHM6,Uncharacterized protein,667725
NCSNK,A0A024WJW8,SBDS family rRNA metabolism protein,1036727
NCSNK,A0A078KBH9,Uncharacterized protein,5861
NCSNK,E0UCE4,"WD40 repeat, subgroup",497965
NCSNK,A0A0N4ZP72,Uncharacterized protein,131310
NCSNK,A0A0A2H1K6,Peptidase M48 Ste24p,1300343
NCSNK,N9V5E3,Uncharacterized protein,885318
NCSNK,A0A0S7J4E9,PPUP7240,188132
NCSNK,A0A091MN21,Sodium channel protein,54380
NCSNK,A0A0C9XGN5,"Unplaced genomic scaffold scaffold_530, whole genome shotgun sequence",765257
NCSNK,A0A0C9YQ30,"Unplaced genomic scaffold scaffold_397, whole genome shotgun sequence",765257
NCSNK,Q23CT5,Uncharacterized protein,312017
NCSNK,A0A024VZT1,"SBDS family rRNA metabolism protein, variant",1036725
NCSNK,E4YQ58,Uncharacterized protein,34765
NCSNK,Q7RQL0,Uncharacterized protein,73239
NCSNK,A0A113SQ76,"RanBPM and CLTH-like protein, putative",5821
NCSNK,A0A0L7L920,Uncharacterized protein,104452
NCSNK,A0A0D2QNB8,Uncharacterized protein,29730
NCSNK,A0A024WKD3,"SBDS family rRNA metabolism protein, variant",1036727
NCSNK,A0A0L7KF63,Uncharacterized protein,137071
NCSNK,M3UXD7,Uncharacterized protein,885319
NCSNK,A0A077XFD9,Uncharacterized protein,5823
NCSNK,F0ZRK9,Putative uncharacterized protein,5786
NCSNK,K9XQX6,Uncharacterized protein,111780
NCSNK,Q5BWH6,SJCHGC07227 protein,6182
NCSNK,A0A060HPN6,Uncharacterized protein,926571
NCSNK,A0A0S7J4A0,PPUP7242,188132
NCSNK,A0A0K9RDX0,Uncharacterized protein,3562
NCSNK,J9D1J5,Uncharacterized protein,1003232
NCSNK,A0A084VML0,AGAP001011-PA-like protein,74873
NCSNK,A0A077YAH4,"RanBPM and CLTH-like protein, putative",5861
NCSNK,A0A077XH35,"Transcription factor with AP2 domain(S), putative",5823
NCSNK,W4IWL4,"SBDS family rRNA metabolism protein, variant",57270
NCSNK,V7B8L6,Uncharacterized protein,3885
NCSNK,A0A044RSD8,Uncharacterized protein,6282
NCSNK,G0VIR6,Uncharacterized protein,1064592
NCSNK,A0A0K0FAZ0,Uncharacterized protein,75913
NCSNK,E3LM82,CRE-USP-3 protein,31234
NCSNK,A0A077XGS7,"RanBPM and CLTH-like protein, putative",5823
NCSNK,F7XMY1,Uncharacterized protein,679901
NCSNK,A0A078ASV3,Uncharacterized protein,5949
NCSNK,A4S7L7,Uncharacterized protein,436017
NCSNK,R5QG97,Endoglucanase,1263008
NCSNK,A0A060RZ81,"Ribosome maturation protein SBDS, putative",5854
NCSNK,G4MR79,Uncharacterized protein,242507
NCSNK,W5QH92,Uncharacterized protein,9940
NCSNK,M2SAD3,Uncharacterized protein,885311
NCSNK,A0A059C8F3,Uncharacterized protein,71139
NCSNK,Q66S20,TBP-associated factor 172,34765
NCSNK,T2M323,TBC1 domain family member 30,6087
NCSNK,A0A077TPP5,"RanBPM and CLTH-like protein, putative",31271
NCSNK,A0A024X2K1,SBDS family rRNA metabolism protein,5835
NCSNK,A0A024X0H0,"SBDS family rRNA metabolism protein, variant",5835
NCSNK,I1I7X5,Uncharacterized protein,15368
NCSNK,G8C0T2,Uncharacterized protein,1071381
NCSNK,W0TCS9,Inhibitory regulator protein IRA2,1003335
NCSNK,Q7RR01,Uncharacterized protein,73239
NCSNK,A0A0N1DW38,Uncharacterized protein,1705393
NCSNK,V7PWE1,Uncharacterized protein,1323249
NCSNK,X6LCG1,Uncharacterized protein,46433
NCSNK,A0A0S7J4E3,PPUP7243,188132
NCSNK,A0A0B4U929,Envelope glycoprotein,11673
NCSNK,L1I8D8,Uncharacterized protein,905079
NCSNK,E1BAI5,Uncharacterized protein,9913
NCSNK,B3L7M8,Uncharacterized protein,5851
NCSNK,A0A0D9QFJ5,Uncharacterized protein,5857
CYHPR,U1SPC9,Uncharacterized protein,1227264
CYHPR,X1JJI9,Uncharacterized protein,412755
CYHPR,E6KRP8,Membrane protein,888052
CYHPR,A0A0F9A9V4,Uncharacterized protein,412755
CYHPR,A0A0L6VDT8,Uncharacterized protein,27349
CYHPR,K4DRB7,"Trans-sialidase, putative",5693
CYHPR,A0A0N5A8K3,Uncharacterized protein,451379
CYHPR,A1CHP5,Uncharacterized protein,344612
CYHPR,A0A0M0MRM9,Uncharacterized protein,1676614
CYHPR,A0A0C3IY05,Uncharacterized protein,870435
CYHPR,A0A0C2S600,Glycosyltransferase family 2 protein,946122
CYHPR,F0Y0F2,Putative uncharacterized protein,44056
CYHPR,V5ANH8,Uncharacterized protein,1416333
CYHPR,Q8M369,Surface glycoprotein GP90,5693
CYHPR,R1DIW2,Uncharacterized protein,2903
CYHPR,A0A022R473,Uncharacterized protein,4155
CYHPR,A0A0C9MJG4,Short-chain alcohol dehydrogenase,91626
CYHPR,J0XGZ1,Alpha/beta hydrolase family protein,1125717
CYHPR,R1FE86,Uncharacterized protein,2903
CYHPR,A0A0C4WP99,"Oligopeptide/dipeptide ABC transporter, ATP-binding component",1328314
CYHPR,V6I4G1,Uncharacterized protein,1049970
CYHPR,R5LXI8,Uncharacterized protein,1262921
CYHPR,A0A0A0TRG3,Uncharacterized protein,1423
CYHPR,A0A087UFV8,Mothers against decapentaplegic homolog,407821
CYHPR,R6W6A5,Hydrolases of the alpha/beta superfamily,1262873
SLVPAEK,A0A0C9R3K1,CG7840 protein,64838
SLVPAEK,A0A0F9SV21,Uncharacterized protein,412755
SLVPAEK,E9UZS6,Uncharacterized protein,408672
SLVPAEK,A0A0D7AWX9,Salicylate hydroxylase,1314674
SLVPAEK,K7K0L4,Uncharacterized protein,7425
SLVPAEK,L7MDX7,Putative tick transposon,72859
SLVPAEK,K7J988,Uncharacterized protein,7425
SLVPAEK,L7LUN9,Putative tick transposon,72859
DDHYPK,M0NBB8,Uncharacterized protein,1227456
DDHYPK,A0A024HJI6,Uncharacterized protein,1301098
ESDFTLK,A0A0W0R5B8,Uncharacterized protein,45056
ESDFTLK,F8QSX3,DNA-directed RNA polymerase subunit,235483
AADFR,P92199,Rho-associated protein kinase let-502,6239
AADFR,Q75EY8,Protein CFT1,284811
AADFR,Q53MD3,Putative serpin-Z5,39947
AADFR,K3XJN4,Uncharacterized protein,4555
AADFR,E7QQV7,Uncharacterized protein,797209
AADFR,A0A0S9K6G7,Uncharacterized protein,1736314
AADFR,A4AUC2,ABC transporter ATP-binding protein,313603
AADFR,A0A0L9ST00,Uncharacterized protein,268505
AADFR,G6YAQ6,"ABC transport protein, ATP-binding protein",1082933
AADFR,W6S8N9,Glycosyl transferase group 1,348824
AADFR,A0A095DQA1,"Type II secretory pathway, pullulanase PulA",1469613
AADFR,K0RJF2,Uncharacterized protein,159749
AADFR,A0A0V1CL75,Bifunctional heparan sulfate N-deacetylase/N-sulfotransferase,45882
AADFR,A0A102MDD5,NADP-dependent oxidoreductase,488446
AADFR,A0A0E0Q6K2,Uncharacterized protein,4529
AADFR,A0A0A1GK07,ATP-dependent DNA helicase Rep,150396
AADFR,Q9L4M3,DNA helicase II,1220
AADFR,A0A0Q7G7L5,Uncharacterized protein,1736446
AADFR,M6D9X5,UDP-N-acetylmuramate--L-alanine ligase,1242992
AADFR,K0DY70,"2,5-diketo-D-gluconate reductase",1229205
AADFR,A0A0E0F3X2,Uncharacterized protein,40149
AADFR,A0A0E0F3X1,Uncharacterized protein,40149
AADFR,F7JWK6,Uncharacterized protein,658082
AADFR,B8ISJ4,Uncharacterized protein,460265
AADFR,A0A0Q9SUH9,GCN5 family acetyltransferase,1736414
AADFR,N6YX35,Selenocysteine-specific elongation factor,1234382
AADFR,R5H8A4,Dipicolinic acid synthetase B subunit,1263001
AADFR,M2XGI2,Uncharacterized protein,675120
AADFR,A2C0D7,DNA helicase,167555
AADFR,A0A0G2GG13,Putative phosphatidylinositol-4-phosphate 5-kinase core,420778
AADFR,A0A086NSU4,Ankyrin,5530
AADFR,B5E939,Uncharacterized protein,404380
AADFR,A9H8E1,"Transcriptional regulator, LysR family",272568
AADFR,E7QZC8,Lipolytic protein G-D-S-L family,797209
AADFR,A0A0P0CML3,Exodeoxyribonuclease III,1532555
AADFR,A0A0U4ICR5,2-dehydropantoate 2-reductase,32002
AADFR,A0A080Z8Q1,Uncharacterized protein,1317066
AADFR,A0A0C9TAH6,"Unplaced genomic scaffold PLICRscaffold_15, whole genome shotgun sequence",944288
AADFR,A0A0C9SX79,"Unplaced genomic scaffold PLICRscaffold_19, whole genome shotgun sequence",944288
AADFR,A0A064AQB7,Uncharacterized protein,1197718
AADFR,A3NYM2,Uncharacterized protein,357348
AADFR,A0A0S7WUG2,Uncharacterized protein,1703770
AADFR,A0A0J6XYW0,Acetyltransferase,66430
AADFR,A7B2S4,Response regulator receiver domain protein,411470
AADFR,A0A0E0BH18,Uncharacterized protein,40148
AADFR,W6ZEC2,Carbohydrate esterase family 1 protein,930090
AADFR,A0A088UPQ3,Zinc-binding dehydrogenase family protein,95486
AADFR,G7XPE2,Similar to An01g03670,1033177
AADFR,G4SV38,UvrABC system protein C,1091494
AADFR,J0B088,Uncharacterized protein,1156918
AADFR,M4XCH1,2-dehydropantoate 2-reductase,1294143
AADFR,H1RNQ8,Diguanylate cyclase,1009852
AADFR,W8QTS8,ATP-dependent DNA helicase Rep,316
AADFR,R9UHL6,Mannitol dehydrogenase,88149
AADFR,A0A0V1D9Q5,Collagen type IV alpha-3-binding protein,45882
AADFR,X1HMP3,Uncharacterized protein,412755
AADFR,G7Z5R7,Tyrosine recombinase XerC,862719
AADFR,W8ZGQ7,Uncharacterized protein,483908
AADFR,A0A0F5IYI2,Phosphoglucosamine mutase,1078087
AADFR,I4EQ93,ABC transporter ATP-binding,477641
AADFR,V5H7L5,Putative thioredoxin-dependent peroxide reductase,34613
AADFR,A0A0E0EA29,Uncharacterized protein,40149
AADFR,A0EEN4,Uncharacterized protein,5888
AADFR,R5NMT8,Uncharacterized protein,1262951
AADFR,Q1IKG6,UDP-N-acetylmuramoyl-tripeptide--D-alanyl-D-alanine ligase,204669
AADFR,A0A062VDS6,Dihydropyrimidine dehydrogenase subunit A,1280954
AADFR,J0NTF4,Thiol peroxidase,1182762
AADFR,D3PHL4,Thiol peroxiredoxin [Bombyx mori],72036
AADFR,Q46H75,DNA helicase,59920
AADFR,C5FCR2,Uncharacterized protein,554155
AADFR,A4Z1K5,"Putative DNA breaking-rejoining enzyme, catalytic core superfamily putative phage integrase",114615
AADFR,A0A067A109,ATP-dependent DNA helicase Rep,1460691
AADFR,W5W5V0,L-amino-acid oxidase,1449976
AADFR,B7G3P0,Predicted protein,556484
AADFR,K2KLI2,Tyrosine recombinase XerC,1207063
AADFR,T2NV46,Redoxin family protein,1259824
AADFR,C3X3H6,Uncharacterized protein,556268
AADFR,A0A0V0TR42,Bifunctional heparan sulfate N-deacetylase/N-sulfotransferase,144512
AADFR,A0A086M572,SAM-dependent methyltransferase,935652
AADFR,A0A086ZH77,Uncharacterized protein,1437606
AADFR,A0A0S2JNA2,Uncharacterized protein,511
AADFR,A0A0D6WN86,Acetyltransferase,1592727
AADFR,A0A063U4P1,"Glutathione S-transferase, C-terminal domain protein",1331242
AADFR,A0A0D9ATR1,ATP-dependent DNA helicase Rep,316
AADFR,A0A0Q6RY41,Uncharacterized protein,1736517
AADFR,A0A0F4J653,Acetyltransferase,68223
AADFR,A0A0V0V6K5,Collagen type IV alpha-3-binding protein,181606
AADFR,A0A0V0VDV0,Bifunctional heparan sulfate N-deacetylase/N-sulfotransferase,181606
AADFR,A0A0B7IZM5,UvrABC system protein B,1581680
AADFR,Q985L0,"ABC transport protein, ATP-binding protein",266835
AADFR,K4ZQR9,Phosphoenolpyruvate-protein phosphotransferase,1206781
AADFR,A0A0A4GBC8,Probable phosphoketolase,1348058
AADFR,A0A0T5ZU64,Inosine-uridine preferring nucleoside hydrolase,1640509
AADFR,D3SF19,Uncharacterized protein,396595
AADFR,S3HCU2,Glycosyltransferase,990285
AADFR,A0A0Q7EK54,GntR family transcriptional regulator,1736532
AADFR,A0A0E8CPY5,Glutathione S-transferase,520
AADFR,Q3Z8L8,"Histidinol-phosphate aminotransferase, putative",243164
AADFR,D7DID5,UvrABC system protein B,666681
AADFR,A0A0V0S3L1,Collagen type IV alpha-3-binding protein,6336
AADFR,A0A0E1U254,Uncharacterized protein,557724
AADFR,S9UJE8,Phosphoenolpyruvate-protein phosphotransferase,1117109
AADFR,N9XC15,Uncharacterized protein,999412
AADFR,A0A081BP54,"L-lysine 2,3-aminomutase",1499966
AADFR,X5QA04,Phosphoenolpyruvate carboxykinase [ATP],1287336
AADFR,W2YB05,Uncharacterized protein,1317064
AADFR,A0A0D9YZE7,Uncharacterized protein,40148
AADFR,J7FXS9,Arabinose 5-phosphate isomerase,74349
AADFR,T5AJD5,"Alcohol dehydrogenase superfamily, zinc-type",911162
AADFR,E9SEC4,Uncharacterized protein,246199
AADFR,A0A0A1EJA1,Capsid protein,1574421
AADFR,A0A089P2E2,DNA helicase,1501268
AADFR,A0A0E0Q6K4,Uncharacterized protein,4529
AADFR,X0VGD6,Uncharacterized protein,412755
AADFR,A0A0V0V6P3,Collagen type IV alpha-3-binding protein,181606
AADFR,C1E791,Uncharacterized protein,296587
AADFR,A0A0E4FS04,Uncharacterized protein,1355477
AADFR,A0A0Q8LH41,Oxidoreductase,1736481
AADFR,A0A023BDN0,Uncharacterized protein,110365
AADFR,A0A089V5Z9,Uncharacterized protein,158822
AADFR,A0A089YA93,ATP-dependent DNA helicase Rep,157783
AADFR,X5RXV8,Uncharacterized protein,1287322
AADFR,R0IUN3,Uncharacterized protein,671987
AADFR,A0A0Q7QUZ5,Exodeoxyribonuclease III,1736462
AADFR,M2MXY8,Uncharacterized protein,717646
AADFR,A0A0X2Z3X4,Major facilitator transporter,36773
AADFR,A0A0S9CKH2,Acyl carrier protein,1736301
AADFR,I4BG99,Putative flavoprotein involved in K+ transport,710421
AADFR,A0A0Q7FRN2,Uncharacterized protein,1736533
AADFR,B1HEI4,Putative uncharacterized protein,320374
AADFR,V7HG85,Uncharacterized protein,1287086
AADFR,L5KVL5,Histone-lysine N-methyltransferase SETDB2,9402
AADFR,Q6YU42,"cDNA clone:J013161E16, full insert sequence",39947
AADFR,K7MGX4,Uncharacterized protein,3847
AADFR,A0A0V1NM23,Bifunctional heparan sulfate N-deacetylase/N-sulfotransferase,92180
AADFR,G7J9S6,Uncharacterized protein,3880
AADFR,A0A0V0X011,Collagen type IV alpha-3-binding protein,92179
AADFR,A0A0Q5W9M3,Glutathione S-transferase,1736355
AADFR,D9VZJ3,Transferase hexapeptide repeat containing protein,253839
AADFR,A0A080LVY5,Cholesterol dehydrogenase,1454002
AADFR,A0A086QWT9,SAM-dependent methyltransferase,943118
AADFR,A0A0V1L0L5,Bifunctional heparan sulfate N-deacetylase/N-sulfotransferase,6335
AADFR,Q9A260,Exodeoxyribonuclease III,190650
AADFR,A5BZY2,Putative uncharacterized protein,29760
AADFR,C6LM98,DNA polymerase III PolC-type,478749
AADFR,A0A0T7R0G4,Glutathione S-transferase,520
AADFR,A0A0D7NZC3,Transcriptional regulator,1615890
AADFR,C1KUR3,NKEF-B protein,61084
AADFR,A0A0Q5HUA2,Uncharacterized protein,1736337
AADFR,Q1MBP7,Uncharacterized protein,216596
AADFR,W1IAP9,Alkylhydroperoxide reductase,120858
AADFR,T1QD49,Allene oxide cyclase,4058
AADFR,A0A067TTB5,Uncharacterized protein,685588
AADFR,F7S1V5,Feruloyl esterase,1043206
AADFR,A0A0R0FXK7,Uncharacterized protein,3847
AADFR,A0A022LP01,Exodeoxyribonuclease V subunit beta,1292020
AADFR,Q9RLM6,Uncharacterized protein,65699
AADFR,A0A0A1PWH9,Uncharacterized protein,1522316
AADFR,Q1PL42,DNA helicase,379366
AADFR,A4CA82,Putative transcriptional regulator (AraC family) protein,87626
AADFR,A0A0J8YEC6,Selenocysteinyl-tRNA-specific translation factor,1628855
AADFR,B0KQ68,ATP-dependent DNA helicase Rep,76869
AADFR,B7PM88,"Thioredoxin-dependent peroxide reductase, putative",6945
AADFR,C5EXB3,Uncharacterized protein,537972
AADFR,W4MBE7,Uncharacterized protein,1429439
AADFR,A4U5N7,Probable thiol peroxidase,55518
AADFR,A2S9N2,Uncharacterized protein,412022
AADFR,A0A0Q8GD28,Exodeoxyribonuclease III,1736578
AADFR,A0A0N4YSJ7,Uncharacterized protein,27835
AADFR,A0A081PKU6,Proline--tRNA ligase,1358423
AADFR,V4RK19,Uncharacterized protein,1121022
AADFR,R4KM18,Uncharacterized protein,767817
AADFR,A0A0S3PXE2,Putative prophage CPS-53 integrase,1333996
AADFR,W9SXN9,ATP-dependent DNA helicase Rep,1439940
AADFR,A0A0Q8FPD5,Exodeoxyribonuclease III,1736579
AADFR,A0A0C2USB7,Riboflavin biosynthesis protein RibBA,1590652
AADFR,A0A0V0TQZ4,Bifunctional heparan sulfate N-deacetylase/N-sulfotransferase,144512
AADFR,J9WP38,Uncharacterized protein,1232724
AADFR,A0A0H2WJZ4,Uncharacterized protein,243160
AADFR,A0A0T7CRT9,Probable glutathione S-transferase,568706
AADFR,U5DLX5,Glycosyltransferase involved in cell wall biogenesis,582515
AADFR,W4ZDB4,Uncharacterized protein,7668
AADFR,A0A089YWU1,Uncharacterized protein,1907
AADFR,A0A071I7E4,ABC transporter ATP-binding protein,359
AADFR,A0A0A2VB79,Dimethylglycine dehydrogenase,1245745
AADFR,X0PRZ6,Uncharacterized protein,1219028
AADFR,A0A091U4Q2,McKusick-Kaufman/Bardet-Biedl syndromes putative chaperonin,9218
AADFR,X6EHF0,Uncharacterized protein,1287240
AADFR,A0A0G2DYM2,Uncharacterized protein,420778
AADFR,A0A108UBU5,Diguanylate cyclase/phosphodiesterase (GGDEF & EAL domains) with PAS/PAC sensor(S),1444315
AADFR,Q6URI8,Coat protein,243563
AADFR,L0JQT9,Uncharacterized protein,797303
AADFR,A0A0Q4R9P0,Riboflavin biosynthesis protein RibBA,1736234
AADFR,A0A0M4DM92,Serine/threonine protein kinase,1649184
AADFR,A0A0A0XPP7,Glutathione S-transferase,743278
AADFR,A0A093ITS7,"Alpha-N-acetylgalactosaminide alpha-2,6-sialyltransferase 1",54383
AADFR,X5MMR6,Tyrosine recombinase XerC,1458461
AADFR,A0A0E1SBX9,Uncharacterized protein,425067
AADFR,A0A0B4CPU8,3-methylcrotonyl-CoA carboxylase,1577896
AADFR,W2EHF2,Uncharacterized protein,697286
AADFR,E4YM49,Uncharacterized protein,34765
AADFR,A0A0V0J622,Pre-mRNA-processing factor 40 homolog A,70667
AADFR,A0A0X3NS33,Pre-mRNA-processing factor 40 homolog A,70667
AADFR,M1M941,Gluconate 5-dehydrogenase IdnO,931276
AADFR,A0A0V1L028,Bifunctional heparan sulfate N-deacetylase/N-sulfotransferase,6335
AADFR,A0A0L1JUC4,Peptidase M48,1317121
AADFR,F0Y883,Expressed protein,44056
AADFR,A0A0Q7UEU1,Extradiol dioxygenase,1736465
AADFR,A0A0V1CKR9,Bifunctional heparan sulfate N-deacetylase/N-sulfotransferase,45882
AADFR,N4XJQ6,Carbohydrate esterase family 1 protein,665024
AADFR,A0A0F9UNM0,Uncharacterized protein,412755
AADFR,M0BM63,Uncharacterized protein,1227489
AADFR,N6YC92,Selenocysteine-specific translation elongation factor,1123367
AADFR,K4RBD3,Uncharacterized protein,1214101
AADFR,A0A086KXL0,SAM-dependent methyltransferase,1130820
AADFR,X5PRT6,Uncharacterized protein,1287326
AADFR,R0KNN5,Carbohydrate esterase family 1 protein,671987
AADFR,U2UU61,Ribosomal RNA large subunit methyltransferase H,1321781
AADFR,A0A0Q8MJA9,Exodeoxyribonuclease III,1736591
AADFR,H0JF14,Putative lipoprotein,1112217
AADFR,A0A0U5IPU4,Selenocysteine-specific elongation factor,610332
AADFR,A7EGD3,Uncharacterized protein,665079
AADFR,A0A0W8D8T5,Uncharacterized protein,4790
AADFR,A0A0L6K0N9,Creatininase,1701910
AADFR,M5XCT2,Hexosyltransferase,3760
AADFR,D5ASG6,CRISPR-associated endonuclease Cas1,272942
AADFR,A0A0V0U7M2,Collagen type IV alpha-3-binding protein,144512
AADFR,D7FJL9,Mannitol dehydrogenase rossman domain family,2880
AADFR,A0A0D1YD49,Uncharacterized protein,253628
AADFR,A0A0Q7EHW9,Exodeoxyribonuclease III,1736443
AADFR,H0R653,Uncharacterized protein,1077974
AADFR,A0A0E3BDH4,Diguanylate cyclase,285
AADFR,A0A0V0VDB8,Bifunctional heparan sulfate N-deacetylase/N-sulfotransferase,181606
AADFR,A0A101VRC5,Uncharacterized protein,1734400
AADFR,A0A0T6UDU2,ATP-dependent DNA helicase Rep,1729723
AADFR,D0GPT0,"Phosphoglucomutase/phosphomannomutase, alpha/beta/alpha domain II",596323
AADFR,A0A0F4K2D4,Acetyltransferase,1609134
AADFR,A0A0V0ZJB4,Bifunctional heparan sulfate N-deacetylase/N-sulfotransferase,990121
AADFR,A0A0H3LPN1,Probable glutathione S-transferase,257310
AADFR,A0A0P9GHK8,Uncharacterized protein,578459
AADFR,R6BR48,Uncharacterized protein,1263031
AADFR,A0A109JY74,Glycosyl transferase,1755240
AADFR,C1BLI4,Peroxiredoxin-1,8014
AADFR,A0A0G1JL45,Uncharacterized protein,1618500
AADFR,A0A0L8QVW7,Uncharacterized protein,67373
AADFR,A0A016Q3V3,Uncharacterized protein,5518
AADFR,E4RN26,Uncharacterized protein,656519
AADFR,A0A0Q7F0G6,Exodeoxyribonuclease III,1736445
AADFR,A0A0G1CEB0,Cell shape-determining protein MreC,1618442
AADFR,Q84U76,Uncharacterized protein,4577
AADFR,A0A0V0WDI8,Bifunctional heparan sulfate N-deacetylase/N-sulfotransferase,92179
AADFR,A0A0V2F737,Exodeoxyribonuclease III,155892
AADFR,A0A101UQD4,Acetyltransferase,909626
AADFR,Q2JFY6,Integrase,106370
AADFR,H1KZG1,Putative uncharacterized protein,647171
AADFR,A0A0Q8XZF6,GntR family transcriptional regulator,1736602
AADFR,G0NQ30,Putative uncharacterized protein,135651
AADFR,A0A108C6B8,Uncharacterized protein,101571
AADFR,D7CKN4,Enoyl-CoA hydratase/isomerase,643648
AADFR,K0PP04,Glycosyltransferase protein,1211777
AADFR,I2ALC0,Uncharacterized protein,1168287
AADFR,A0A0F7NWU1,Uncharacterized protein,1352940
AADFR,D2BHE2,Histidinol-phosphate aminotransferase,311424
AADFR,K2ACS6,Uncharacterized protein,717931
AADFR,A0A0T6VVB3,ATP-dependent DNA helicase Rep,1729725
AADFR,K3UK46,Uncharacterized protein,1028729
AADFR,H0S2G7,"Putative transcriptional regulator, Crp/Fnr family",115808
AADFR,B6H6Z6,Pc16g00910 protein,500485
AADFR,V2Z7L6,Diaminopimelate epimerase,592026
AADFR,Q21K32,ATP-dependent Clp protease ATP-binding subunit ClpA,203122
AADFR,Q9S335,DNA helicase,1219
AADFR,A0A0Q8JT90,Uncharacterized protein,1736588
AADFR,I4VR77,Zinc protease,1163408
AADFR,A0A068T0S9,"ABC transporter, carbohydrate uptake transporter-2 (CUT2) family, ATP-binding protein",1028800
AADFR,I2G4S3,Uncharacterized protein,1128400
AADFR,M2WEP1,Uncharacterized protein,1278078
AADFR,A0A0B4C703,Exodeoxyribonuclease III,172043
AADFR,A0A061JWL5,ATP-dependent DNA helicase Rep,1218352
AADFR,Q5KDQ9,Uncharacterized protein,214684
AADFR,A5ZQU1,Uncharacterized protein,411459
AADFR,W9E1V2,"Monosaccharide ABC transporter ATP-binding protein, CUT2 family",935547
AADFR,A0A061QDS9,Putative acetyltransferase,1492281
AADFR,I1CP69,Uncharacterized protein,246409
AADFR,L1M697,ATP-dependent DNA helicase Rep,1005395
AADFR,R7SNQ0,Uncharacterized protein,732165
AADFR,A0A0F0I3N4,Uncharacterized protein,1403190
AADFR,A0A0P7WB88,"Two-component system, NtrC family, C4-dicarboxylate transport response regulator DctD",1666913
AADFR,A0A096S4Q2,Uncharacterized protein,4577
AADFR,E4X7Q7,Uncharacterized protein,34765
AADFR,R7ALV7,Uncharacterized conserved protein,1262852
AADFR,F4DMX0,"Transcriptional regulator, LysR family",1001585
AADFR,A0A0M9ESF6,Membrane protein,179993
AADFR,A0A0D7B4V0,Uncharacterized protein,1314674
AADFR,Q3J220,"Phage terminase-like protein, large subunit",272943
AADFR,A0A0F0HFP2,Acetyltransferase,1609137
AADFR,A0A0E0LJ98,Uncharacterized protein,4537
AADFR,A0A0V1A3W7,Collagen type IV alpha-3-binding protein,990121
AADFR,A0A0M2DPX9,Diguanylate cyclase,364029
AADFR,A0A0R0FZT2,Uncharacterized protein,3847
AADFR,A0A0C1L348,L-iditol 2-dehydrogenase,1349421
AADFR,A0A0Q6GSW7,Chemotaxis protein,1736380
AADFR,T0K0R8,Uncharacterized protein,1237896
AADFR,J4HUM7,Uncharacterized protein,599839
AADFR,B8LTJ5,mRNA cap methyltransferase,441959
AADFR,K0YTD7,Uncharacterized protein,888439
AADFR,A0A0D6NU20,Uncharacterized protein,1231342
AADFR,A0A0P9Q2I8,GGDEF domain-containing protein domain-containing protein domain-containing protein,317659
AADFR,J3HWW8,DNA-binding protein with HTH domain containing protein,1144344
AADFR,A0A0P7J8A9,Uncharacterized protein,222805
AADFR,W2MFS7,Uncharacterized protein,4792
AADFR,S0FWM0,ATP-dependent Clp protease ATP-binding subunit ClpA,1286635
AADFR,Q8GGP6,Putative enoyl-CoA hydratase,66869
AADFR,A0A0B8N902,LuxR family transcriptional regulator,37332
AADFR,A0A0C1VVV9,Acetyltransferase,1571774
AADFR,S9WMJ3,Uncharacterized protein,419612
AADFR,A0A090MHZ0,"WGS project CBMI000000000 data, contig CS3069_c003447",1318460
AADFR,X5UM85,Uncharacterized protein,1287294
AADFR,A0A061MPC0,Putative ABC transporter ATP-binding protein,1220581
AADFR,B4W5R0,Exodeoxyribonuclease III (Xth) subfamily,391600
AADFR,A0A0D9XQK6,Uncharacterized protein,77586
AADFR,W2QYL2,Uncharacterized protein,761204
AADFR,A0A0X2NR91,"Deoxyguanosinetriphosphate triphosphohydrolase, putative",1727
AADFR,A0A0A0F4I9,Non-homologous end joining protein Ku,1385517
AADFR,A0A0B4REQ1,Uncharacterized protein,1526927
AADFR,A0A096DCQ3,Diguanylate cyclase,285
AADFR,R5U5W5,Response regulator receiver domain protein,1263106
AADFR,A0A0F5JSC3,Phosphoglucosamine mutase,1203610
AADFR,A0A0Q6BJJ3,Secretin,1736373
AADFR,G9NHW5,Uncharacterized protein,452589
AADFR,G4TMG1,Uncharacterized protein,1109443
AADFR,A0A0N7FWC3,"Type II secretory pathway, pullulanase PulA",1609966
AADFR,A0A0Q4LP76,Uncharacterized protein,1736218
AADFR,X6BEH8,Uncharacterized protein,1287256
AADFR,A0A0Q7F341,Uncharacterized protein,1736532
AADFR,R2VK11,Uncharacterized protein,1158614
AADFR,A7VRE3,Uncharacterized protein,428125
AADFR,G2QHE5,Uncharacterized protein,573729
AADFR,Q2U0A5,Uncharacterized protein,510516
AADFR,A0A0C4EAX5,Uncharacterized protein,644358
AADFR,A0A0Q6CT78,Glutathione S-transferase,1736375
AADFR,A0A0K1PH64,Uncharacterized protein,1391653
AADFR,A0A0C6P5T9,Probable glutathione S-transferase,568707
AADFR,A0A0Q9ETX3,RES protein,1736612
AADFR,M2ULW5,Carbohydrate esterase family 1 protein,701091
AADFR,E5SMW8,Collagen type IV alpha-3-binding protein,6334
AADFR,A0A0N0NCE6,Uncharacterized protein,1592329
AADFR,A0A0V0U828,Collagen type IV alpha-3-binding protein,144512
AADFR,A0A0Q4V6Q3,Uncharacterized protein,1736311
AADFR,A0A0X3NWR7,Pre-mRNA-processing factor 40 homolog A,70667
AADFR,Q1I873,Putative periplasmic sugar-binding protein,384676
AADFR,A0A0E0ME34,Uncharacterized protein,4537
AADFR,T0XV18,Uncharacterized protein,1260983
AADFR,A0A0S7WEL9,Uncharacterized protein,1703423
AADFR,A0A0M3GCN4,Glycosyl transferase,1128399
AADFR,S8F570,SAM-dependent methyltransferase,508771
AADFR,X5I1H4,Cyclodehydratase,1332838
AADFR,Q6URJ1,Coat protein,243563
AADFR,A8EHN9,Putative uncharacterized protein,360118
AADFR,A0A095ZC21,Exodeoxyribonuclease III,1219585
AADFR,A0A0X3AEP5,Chromosome partitioning protein ParB,36773
AADFR,A0A120FHA9,Uncharacterized protein,1755240
AADFR,A0A0C1X1T1,RNA polymerase sigma24 factor,352211
AADFR,A0A024S8J7,Uncharacterized protein,1344414
AADFR,A0A0X8PGU4,2-dehydropantoate 2-reductase,85698
AADFR,A3C9Z4,Uncharacterized protein,39947
AADFR,A0A0R3MIL6,Phosphonate ABC transporter substrate-binding protein,1300035
AADFR,I0Z301,Uncharacterized protein,574566
AADFR,A0A0F7S654,Uncharacterized protein,49012
AADFR,I1RHR6,Uncharacterized protein,229533
AADFR,A0A0F5I1Z2,Putative acyl-[acyl-carrier protein] desaturase,1221996
AADFR,I1CA19,Uncharacterized protein,246409
AADFR,X5KFE2,Uncharacterized protein,1117645
AADFR,A0A0M5LQU6,Recombinase RecB,445576
AADFR,L7F1S4,Unspecific monooxygenase,698760
AADFR,A0A0M2H5G7,Putative glycosyl transferase,92835
AADFR,A0A0E0AI18,Uncharacterized protein,40148
AADFR,A0A0D5ISZ3,Chemotaxis phosphatase CheX family protein,350701
AADFR,J3KIC1,RecQ family ATP-dependent DNA helicase,246410
AADFR,R0CX30,Uncharacterized protein,1292034
AADFR,A4FCI2,"Phosphoenolpyruvate synthase (Pyruvate, water dikinase)",405948
AADFR,A0A0F5VGJ7,S-adenosylmethionine tRNA ribosyltransferase,265726
AADFR,D3D5W0,"RNA polymerase, sigma-24 subunit, ECF subfamily",102897
AADFR,A0A0N1GAG9,Uncharacterized protein,1592327
AADFR,Q28WC2,KpsF/GutQ family protein,290400
AADFR,E4MEH4,Uncharacterized protein,908612
AADFR,D8R1C2,Putative uncharacterized protein,88036
AADFR,A6FI36,Phosphoenolpyruvate-protein phosphotransferase,58051
AADFR,E6VN69,"Phosphonate ABC transporter, periplasmic phosphonate binding protein",652103
AADFR,E8LRN2,Heme A synthase cytochrome oxidase biogenesis protein Cox15-CtaA,945543
AADFR,A0A0M9YS06,Uncharacterized protein,1415546
AADFR,A0A062X1L6,Uncharacterized protein,683305
AADFR,C6E8S5,Uncharacterized protein,443144
AADFR,A0A0A2BKB8,DNA helicase,1499498
AADFR,M5RWN3,Signal peptide protein,1265738
AADFR,A0A0J8AEQ8,ABC transporter permease,1114963
AADFR,R9JDT3,Uncharacterized protein,397287
AADFR,A0A0T2ZJY7,Arabinose ABC transporter permease,1736490
AADFR,J3I5Y5,Uncharacterized protein,1144344
AADFR,A0A0S8D0G1,Aminotransferase,1704024
AADFR,A0A0S4QPZ4,"RNA polymerase sigma-70 factor, ECF subfamily",1747450
AADFR,A0A0D3GPI7,Uncharacterized protein,65489
AADFR,A0A064BRJ7,Uncharacterized protein,1451188
AADFR,R6Q234,Peptidase M15,1262898
AADFR,T2LFV1,Uncharacterized protein,1346287
AADFR,A0A0E4FEL3,Uncharacterized protein,292
AADFR,L7UM01,Uncharacterized protein,1278073
AADFR,W4VSC3,CSF2RAY,9483
AADFR,A3QX08,Actin-related protein 2/3 complex subunit 5,55567
AADFR,A0A0V1BAI7,Collagen type IV alpha-3-binding protein,6334
AADFR,M5UBI2,"Dehydrogenase, subunit C-like protein",1263870
AADFR,F0EPN5,Redoxin family protein,888066
AADFR,M4FG69,Uncharacterized protein,51351
AADFR,A0A0S8F5R6,Uncharacterized protein,1703408
AADFR,A0A0Q6SX06,Chemotaxis protein,1736429
AADFR,W1VBU4,Uncharacterized protein,1403939
AADFR,A0A101R6Y1,GDSL family lipase,1963
AADFR,A0A126RSL1,2-phospho-L-lactate guanylyltransferase CofC,1315974
AADFR,K0TGY5,Uncharacterized protein,159749
AADFR,I9Q435,Uncharacterized protein,997873
AADFR,A0A0E2PE64,CRISPR-associated endonuclease Cas1,1415161
AADFR,A0A0F9RWD8,Uncharacterized protein,412755
AADFR,A0A0M9ZPM7,Decaprenylphosphoryl-beta-D-ribose oxidase,1415544
AADFR,A0A0P0P1K4,Extradiol dioxygenase,69395
AADFR,B8NAW9,Uncharacterized protein,332952
AADFR,A0A0A2B6M5,DNA helicase,59926
AADFR,G0RJ29,Predicted protein,431241
AADFR,A0A0K3BH47,"Iron(III) dicitrate transport system, periplasmic iron-binding protein FecB (TC 3.A.1.14.1)",703222
AADFR,A0A0N0VX34,GGDEF domain protein,235277
AADFR,A0A0P0SK40,Recombinase RecB,1096856
AADFR,Q7WC86,Probable glutathione S-transferase,257311
AADFR,W9DDT8,Uncharacterized protein,1352929
AADFR,A0A0F3IJ35,Uncharacterized protein,1632867
AADFR,G4F785,ABC transporter periplasmic protein,550984
AADFR,A0A0D3HJW0,Uncharacterized protein,65489
AADFR,G1SGB0,Uncharacterized protein,9986
AADFR,H8ILM8,Uncharacterized protein,487521
AADFR,A0A0S8B180,Aldehyde-activating protein,1703390
AADFR,E8RNJ4,Exodeoxyribonuclease III Xth,573065
AADFR,F7W6G4,Putative STE20 protein,771870
AADFR,G7DPS8,Uncharacterized protein,1037409
AADFR,H5YLM0,Putative uncharacterized protein,319017
AADFR,A0A0V1BAK8,Collagen type IV alpha-3-binding protein,6334
AADFR,C0W471,Uncharacterized protein,525246
AADFR,A0A0M0PG00,Uncharacterized protein,40324
AADFR,R0EP37,Exodeoxyribonuclease III,1292034
AADFR,A0A0Q6TR99,Extradiol dioxygenase,1736519
AADFR,A0A0S8JKA4,Uncharacterized protein,1703773
AADFR,A0A0Q5D1V4,Serine/threonine protein phosphatase,1736330
AADFR,A0A023XLL2,Molybdenum storage protein beta subunit,476282
AADFR,A0A0V1CKV1,Bifunctional heparan sulfate N-deacetylase/N-sulfotransferase,45882
AADFR,A0A117RWC3,Uncharacterized protein,1739111
AADFR,A0A0E1URU2,Uncharacterized protein,595498
AADFR,A0A0P6VU58,Uncharacterized protein,665126
AADFR,A0A0B7ASV5,Uncharacterized protein,1028688
AADFR,A0A090DBX6,D-alanyl-D-alanine dipeptidase,1505933
AADFR,A0A0K2YHU3,Uncharacterized protein,260936
AADFR,C4AMU0,Uncharacterized protein,320390
AADFR,A0A060ZTJ5,"ABC-type transporter, periplasmic subunit family3",576784
AADFR,A0A0D0AQZ6,"Unplaced genomic scaffold CY34scaffold_65, whole genome shotgun sequence",930992
AADFR,A0A0Q6KCM7,Dihydropyrimidine dehydrogenase,1736343
AADFR,B4KTM6,Uncharacterized protein,7230
AADFR,A0A084WHX1,AGAP012282-PA-like protein,74873
AADFR,C1BVL8,Peroxiredoxin-2,72036
AADFR,R7THB3,DNA primase,283909
AADFR,W2I3L6,Uncharacterized protein,4792
AADFR,L5MNB5,Carboxypeptidase,1246477
AADFR,D4L2B4,Uncharacterized protein,718255
AADFR,H5YBJ6,DNA-binding protein with HTH domain,319017
AADFR,A0A0M8TGL2,Acetyltransferase,1415551
AADFR,A0A0Q8C433,Uncharacterized protein,1736567
AADFR,A0A0T6Y9P2,Uncharacterized protein,647869
AADFR,M7TK79,Uncharacterized protein,1287681
AADFR,A0A0V1P0F5,Collagen type IV alpha-3-binding protein,92180
AADFR,A0A0Q8M8G5,Adenylyltransferase,1736482
AADFR,A0A0A1ZGN5,DNA helicase,59925
AADFR,A0A0A2C6P7,DNA helicase,59924
AADFR,Q6NBX7,"Putative PhnD protein, phosphonate ABC transporter, periplasmic binding protein",258594
AADFR,A0A0Q6UL98,Exodeoxyribonuclease III,1736519
AADFR,A0A0N1CCZ2,Glucans biosynthesis protein G,1523430
AADFR,I0GF11,Uncharacterized protein,335659
AADFR,A0A0Q4KRD0,Dihydropyrimidine dehydrogenase,1736215
AADFR,B1G556,"2,5-didehydrogluconate reductase",396598
AADFR,L1NE28,Uncharacterized protein,1127699
AADFR,G4KWZ2,Oxidoreductase molybdopterin-binding subunit,693746
AADFR,A0A0F9H1W5,Uncharacterized protein,412755
AADFR,A0A0H4USV8,Phosphoenolpyruvate-protein phosphotransferase,1592897
AADFR,D0LPH6,Uncharacterized protein,502025
AADFR,A0A0S8GBC1,Uncharacterized protein,1703774
AADFR,E3IYI7,Citrate synthase,298654
AADFR,C5BIJ5,ATP-dependent Clp protease ATP-binding subunit ClpA,377629
AADFR,V7ET77,Uncharacterized protein,1287321
AADFR,A0A0D9QWF2,Uncharacterized protein,60711
AADFR,A0A0F4IGT3,Acetyltransferase,1609135
AADFR,R4V8P3,Lytic murein transglycosylase,1260251
AADFR,A0A0B4FVG6,Ankyrin,1276135
AADFR,G1PL54,Uncharacterized protein,59463
AADFR,A0A0F2R6Q0,Chemotaxis protein,1629718
AADFR,A0A0Q6V344,Extradiol dioxygenase,1736520
AADFR,A0A0Q6UEX6,Exodeoxyribonuclease III,1736520
AADFR,H8Z8R5,TIR domain-containing protein,631362
AADFR,C1H7T0,Uncharacterized protein,502779
AADFR,A0A0Q7VWZ2,Exodeoxyribonuclease III,1736470
AADFR,A0A0Q6WJV1,Uncharacterized protein,1736522
AADFR,A0A0K6HYE3,"Glucose/arabinose dehydrogenase, beta-propeller fold",466044
AADFR,R5TBF7,Alpha-galactosidase,1263067
AADFR,R7SWD4,Uncharacterized protein,732165
AADFR,A0A0A2AN16,DNA helicase,167548
AADFR,A0A0Q7LTT3,Uncharacterized protein,1736453
AADFR,B4RHZ8,SAM-dependent methyltransferase,450851
AADFR,S4XD68,Uncharacterized protein,1200352
AADFR,L1L0V1,LD-carboxypeptidase,698759
AADFR,A0A0G1XD05,Uncharacterized protein,1618885
AADFR,L8PBE3,Putative cytochrome,1160705
AADFR,A0A0Q6KTH3,Acyl-CoA dehydrogenase,1736368
AADFR,A0A0A1ZYR7,DNA helicase,93057
AADFR,L0NIX1,Uncharacterized protein,1125847
AADFR,Q07LY3,"Phosphonate ABC transporter, periplasmic phosphonate-binding protein",316055
AADFR,T1AQP4,Uncharacterized protein,410659
AADFR,W0VUE4,Probable Lysine-specific permease,1355161
AADFR,J4UPT3,"N,N-dimethylglycine oxidase",655819
AADFR,F6GZL4,Putative uncharacterized protein,29760
AADFR,W4ZDB5,Uncharacterized protein,7668
AADFR,A0A0F9L816,Uncharacterized protein,412755
AADFR,A0A0Q7D957,Exodeoxyribonuclease III,1736442
AADFR,A0A0S4LEX4,Uncharacterized protein,1742972
AADFR,X6K7Y7,Uncharacterized protein,1287085
AADFR,A0A0U3NKL8,Uncharacterized protein,121719
AADFR,S3DSS9,Uncharacterized protein,1116229
AADFR,Q7V2Z4,DNA helicase,59919
AADFR,A0A0Q6CGV1,Uncharacterized protein,1736381
AADFR,A0A0Q0UM27,Uncharacterized protein,1544413
AADFR,A0A109YLJ0,Putative ABC transporter permease protein,267128
AADFR,A0A0D3GPI6,Uncharacterized protein,65489
AADFR,X8CD35,Alpha/beta hydrolase family protein,1299331
AADFR,A0A066WE79,DUF663-domain-containing protein,1037660
AADFR,A4XE32,Uncharacterized protein,279238
AADFR,A0A0F0F2C4,ATP-dependent DNA helicase Rep,1619950
AADFR,A0A0M9B541,Uncharacterized protein,375
AADFR,X5KCF2,C-X-C chemokine receptor type 6,586796
AADFR,A0A087BKK0,Uncharacterized protein,78345
AADFR,M9LHA9,Phosphoenolpyruvate-protein phosphotransferase,1212764
AADFR,A0A0M0UZ92,GGDEF domain protein,83964
AADFR,A0A0A2A6Y4,DNA helicase,74545
AADFR,G9MUU8,Uncharacterized protein,413071
AADFR,F2NI23,Uncharacterized protein,880072
AADFR,A0A068D3D0,ABC transporter family protein,763057
AADFR,A0A0A7JV78,ATP-dependent DNA helicase Rep,157782
AADFR,A0A0E0AI19,Uncharacterized protein,40148
AADFR,A0A0S8AFF2,Uncharacterized protein,1704025
AADFR,A0A0D1ZVZ0,Uncharacterized protein,253628
AADFR,W2EFQ4,Uncharacterized protein,697286
AADFR,A0A059F918,Phosphoprotein phosphatase,1280951
AADFR,A0A0F0EFQ7,ATP-dependent DNA helicase Rep,1619949
AADFR,A0A0V0WDB8,Bifunctional heparan sulfate N-deacetylase/N-sulfotransferase,92179
AADFR,A0A086L0D3,SAM-dependent methyltransferase,943167
AADFR,A0A0H4CFZ4,Peptidase U61,1577075
AADFR,A0A0S2FWW1,Diguanylate cyclase domain protein,435897
AADFR,A0A0V0V6L4,Collagen type IV alpha-3-binding protein,181606
AADFR,E3K2K6,Uncharacterized protein,418459
AADFR,A4G5M1,Coproporphyrinogen-III oxidase,204773
AADFR,A0A0S6UMZ3,Regulatory protein rhiR,1126627
AADFR,A0A0A2VBI0,HC-toxin synthetase,1245745
AADFR,A0A086XZV1,FAD-linked oxidase,1105367
AADFR,A0A0D2HPG5,"Unplaced genomic scaffold supercont1.9, whole genome shotgun sequence",1442370
AADFR,B9JHW4,Sugar ABC transporter,311403
AADFR,A0A085W5T5,Uncharacterized protein,394096
AADFR,A0A0E0F3X3,Uncharacterized protein,40149
AADFR,A0A109FI60,Glutathione S-transferase,1305733
AADFR,A0EE63,Uncharacterized protein,5888
AADFR,R5V050,Transcriptional regulator,1262953
AADFR,A0A0G1EGQ7,Cell shape-determining protein MreC,1618451
AADFR,A0A101T6Z6,Uncharacterized protein,1943
AADFR,U4KM93,"NADH oxidoreductase complex RnfABCDGE type, D subunit",61635
AADFR,H1Y7K6,Acriflavin resistance protein,714943
AADFR,A0A0Q7F1Y3,Uncharacterized protein,1736532
AADFR,A0A0S4KFI2,"Casein kinase II, putative",75058
AADFR,A3CJV2,Uncharacterized protein,39947
AADFR,U6K8Z1,Uncharacterized protein,44415
AADFR,A0A099CZA2,Sodium:proton antiporter,1543381
AADFR,A0A0N1MQW7,Uncharacterized protein,35818
AADFR,H3SAU4,Phosphoenolpyruvate-protein phosphotransferase,1131935
AADFR,A0A0Q6W932,Uncharacterized protein,1736522
AADFR,V8BU95,Uncharacterized protein,1073367
AADFR,M5X5R0,Uncharacterized protein,3760
AADFR,A0A0G0U8Q1,Uncharacterized protein,1618865
AADFR,A0A0V0U818,Collagen type IV alpha-3-binding protein,144512
AADFR,A0A0J8U8T6,ATP-dependent DNA helicase hus2/rqh1,396776
AADFR,B6TFK4,Auxin transporter-like protein 3,4577
AADFR,D5VQ49,Exodeoxyribonuclease III Xth,509190
AADFR,Q11I53,Uncharacterized protein,266779
AADFR,A0A0C6WCP2,ScMYB5 protein,672234
AADFR,V4ZR02,SAM-dependent methyltransferase,432359
AADFR,A0A0S9NES7,Exodeoxyribonuclease III,1736320
AADFR,H5XJG8,Putative uncharacterized protein,882082
AADFR,F0XYI2,Putative uncharacterized protein,44056
AADFR,A0A0F3LCS1,Exodeoxyribonuclease III,1628191
AADFR,C4KTR3,Putative uncharacterized protein,536230
AADFR,M9MV21,FAAL060Wp,1034331
AADFR,A0A072NCW7,CRISPR-associated protein Cse1,1489678
AADFR,D3NXK9,Tyrosine recombinase XerC,137722
AADFR,K9SBG8,Uncharacterized protein,1173025
AADFR,A0A0F9A743,Uncharacterized protein,412755
AADFR,A0A0V0V6P6,Collagen type IV alpha-3-binding protein,181606
AADFR,J3D0R7,Putative hydrolase or acyltransferase of alpha/beta superfamily,1144318
AADFR,A0A0E0MQ45,Uncharacterized protein,4537
AADFR,C7JB48,Uncharacterized protein,634452
AADFR,G0HDV7,Uncharacterized protein,858619
AADFR,A0A0S3R7J0,Hexosyltransferase,157739
AADFR,U2CYB3,Alpha-galactosidase,1226325
AADFR,A0A0A8LBZ4,"Histone-lysine N-methyltransferase, H3 lysine-4 specific",1427455
AADFR,V9W719,Uncharacterized protein,697284
AADFR,A0A0T9MAT3,Glycosyl transferase family protein,1773
AADFR,A0A0M8SGK4,Multidrug ABC transporter ATPase,1415555
AADFR,X5PST0,Uncharacterized protein,1287338
AADFR,A0A0M7GPZ5,2-dehydropantoate 2-reductase,134375
AADFR,A0A0A9JCU9,Uncharacterized protein,35708
AADFR,A0A0Q0CMI6,GGDEF domain protein,200454
AADFR,A3PB26,DNA helicase,167546
AADFR,X6HEE5,Uncharacterized protein,1287105
AADFR,A0A0D6SRG4,Sodium-dependent transporter,1604022
AADFR,F7LAS5,Uncharacterized protein,665954
AADFR,E6ZKH3,Uncharacterized protein,999809
AADFR,W6YI03,Uncharacterized protein,930089
AADFR,W1TNH6,DNA polymerase IV,1403948
AADFR,A0A0E0J2W3,Uncharacterized protein,4536
AADFR,A0A091ARJ8,Uncharacterized protein,1384056
AADFR,A0A0B7KQM3,Uncharacterized protein,29856
AADFR,A0A0D9N1G4,Uncharacterized protein,1392242
AADFR,A0A0V1P0L6,Collagen type IV alpha-3-binding protein,92180
AADFR,H2VRE2,Uncharacterized protein,281687
AADFR,Q83BF9,Phosphoenolpyruvate-protein phosphotransferase,227377
AADFR,A0A059AAD3,Uncharacterized protein,71139
AADFR,G4QG04,Amidohydrolase,1085623
AADFR,K2A5J3,Uncharacterized protein,717931
AADFR,A0A0D2J4B3,Uncharacterized protein,145388
AADFR,A0A068NR51,Polyprenyl synthetase,661478
AADFR,A0A0D7EMI5,Uncharacterized protein,1076
AADFR,M3WJJ3,Uncharacterized protein,9685
AADFR,A0A0V1CKS7,Bifunctional heparan sulfate N-deacetylase/N-sulfotransferase,45882
AADFR,A0A117NWV2,Cytochrome P450,146536
AADFR,D8QS58,Putative uncharacterized protein,88036
AADFR,B0SYA3,Thiamine pyrophosphate protein central region,366602
AADFR,A0A0D6PHN9,Tyrosine recombinase XerC,1120923
AADFR,K5YYZ2,Tyrosine recombinase XerC,1214225
AADFR,A4AEP4,Uncharacterized protein,312284
AADFR,A0A0Q8U7V5,Exodeoxyribonuclease III,1736599
AADFR,A0A0G1WTS4,Uncharacterized protein,1618799
AADFR,A0A0R0FPX0,Uncharacterized protein,3847
AADFR,A0A0Q7T3G5,Exodeoxyribonuclease III,1736462
AADFR,A0A0G1TVF9,Fad-dependent pyridine nucleotide-disulfide oxidoreductase,1618849
AADFR,A0A076I6H4,Aspartate aminotransferase,1432059
AADFR,A0A078J2Z5,Katanin p80 WD40 repeat-containing subunit B1 homolog,3708
AADFR,A0A0P7CGU2,ATP-dependent DNA helicase Rep,303
AADFR,I3IBV1,MATE domain protein,1134474
AADFR,M4U6Z5,Phosphoenolpyruvate-protein phosphotransferase,314282
AADFR,G1P2A0,Uncharacterized protein,59463
AADFR,A2BPA4,DNA helicase,146891
AADFR,R2PQS0,AhpC/TSA family protein,1158603
AADFR,A0A0A2BW14,DNA helicase,1499499
AADFR,A0A0Q5Y1A5,Glutathione S-transferase,1736357
AADFR,A2BUT5,DNA helicase,167542
AADFR,A0A0K1PI14,Uncharacterized protein,1391653
AADFR,A4YTA5,Molybdenum storage protein beta subunit (Mo storage protein beta subunit) (MoSto beta subunit),114615
AADFR,V4PEQ6,Uncharacterized protein,1282362
AADFR,C5PHC9,"DNA helicase recq1, putative",222929
AADFR,A0A101Q7G6,50S ribosomal protein L31 type B,1890
AADFR,K2TAZ8,GGDEF domain-containing protein,1154762
AADFR,S9SQ25,Phosphoenolpyruvate-protein phosphotransferase,1117108
AADFR,A0A0A1NQX9,Putative YOR326Wp-like protein,58291
AADFR,A0A060ICD5,Glycosyltransferase family 1 protein,1432050
AADFR,F8C1N9,Uncharacterized protein,504832
AADFR,A0A085FAJ0,Bacteriophytochrome,1502852
AADFR,A0A0M6Y392,Uncharacterized protein,187304
AADFR,T1CFA4,Uncharacterized protein,410659
AADFR,Q3A062,Pyridoxamine-5'-phosphate oxidase-related FMN-binding protein,338963
AADFR,D0J6R3,Diguanylate cyclase,688245
AADFR,A0A0T5VH86,Uncharacterized protein,687842
AADFR,N2AHB1,ABC transporter ATP-binding protein,97139
AADFR,A0A0M8RRZ5,Acetyltransferase,1415554
AADFR,A0A0V0GCE2,Putative histone tail methylase,72491
AADFR,A0A0P0P3M2,Exodeoxyribonuclease III,69395
AADFR,A0A0Q9RFK2,Iron ABC transporter substrate-binding protein,1736413
AADFR,A0A0M4PNZ0,"2,5-didehydrogluconate reductase",1678678
AADFR,A0A061AW26,CYFA0S08e00870g1_1,36022
AADFR,A0A0N1GPH5,Uncharacterized protein,1592326
AADFR,D5RQV2,Uncharacterized protein,525371
AADFR,A0A058YT89,"Glutathione S-transferase, C-terminal domain protein",1331202
AADFR,A0A0C1XSI2,Acetyltransferase,352211
AADFR,C0QI25,ClpA,177437
AADFR,A0A0M0LIM3,Riboflavin biosynthesis protein RibBA,284581
AADFR,X5P0A1,Uncharacterized protein,1287334
AADFR,I0Z5V3,Uncharacterized protein,574566
AADFR,A0A0G1V732,CTP synthase,1618850
AADFR,A0A0R2XC00,Diaminopimelate epimerase,1655635
AADFR,A0A0Q5VXX0,Recombinase RecB,1736356
AADFR,Q7VSB6,Probable glutathione S-transferase,257313
AADFR,A0A0V1BBP0,Collagen type IV alpha-3-binding protein,6334
AADFR,A0A087N2G6,Riboflavin biosynthesis protein RibBA,1473546
AADFR,M7XUE9,"Transcriptional regulator, GntR family",908290
AADFR,A0A0M0PB98,Uncharacterized protein,40324
AADFR,K0MDD1,Probable glutathione S-transferase,1208660
AADFR,U6PH83,Bacterial Ig domain containing protein,6289
AADFR,R0EK15,3-hydroxyacid dehydrogenase,864073
AADFR,D3AAL7,Alpha-galactosidase,566550
AADFR,R5DET6,Uncharacterized protein,1262992
AADFR,S8DTP5,Proteasome subunit alpha type,192259
AADFR,A0A0Q6YWC9,Uncharacterized protein,1736436
AADFR,A0A0Q7TLQ7,Acetyl-CoA acetyltransferase,1736466
AADFR,F3FR03,GGDEF domain-containing protein,629262
AADFR,A0A0D1AUB4,"LG58.unitig_0_quiver, whole genome shotgun sequence",1544796
AADFR,A0A0D8XP24,Bacterial group 2 Ig-like protein,29172
AADFR,A0A090IEM4,Phosphoenolpyruvate-protein phosphotransferase,80854
AADFR,W2W2D5,Uncharacterized protein,1317063
AADFR,E8YRT0,Aldo/keto reductase,640510
AADFR,Q1MF37,Uncharacterized protein,216596
AADFR,O85892,Uncharacterized protein,48935
AADFR,A0A0S3RGZ3,Hexosyltransferase,157739
AADFR,A0A0D7FGT5,Uncharacterized protein,47885
AADFR,A0A0M2JM84,Acetyltransferase,1428628
AADFR,V5F3G1,Uncharacterized protein,1365824
AADFR,T0S268,Uncharacterized protein,1156394
AADFR,V9E5K8,Uncharacterized protein,1317065
AADFR,U2ZD64,Exodeoxyribonuclease III,1391729
AADFR,A0A139Y6B3,SAM-dependent methyltransferase,1074872
AADFR,A0A0M2YX75,Pentapeptide repeat protein,1428620
AADFR,V2WTX4,Uncharacterized protein,1381753
AADFR,A0A024YN92,Acetyltransferase,1460244
AADFR,A2ZCV7,Putative uncharacterized protein,39946
AADFR,A0A0J6F5I9,ATP-dependent DNA helicase hus2/rqh1,454284
AADFR,S3CGZ6,Ste ste11 protein kinase,1262450
AADFR,A0A074TX99,SAM-dependent methyltransferase,99158
AADFR,T0AUU8,Uncharacterized protein,1348657
AADFR,A0A0V0ZJ31,Bifunctional heparan sulfate N-deacetylase/N-sulfotransferase,990121
AADFR,H0ZBV7,Uncharacterized protein,59729
AADFR,A0A0M0K3T8,ATP-dependent DNA ligase,1460289
AADFR,A0A0M0KBD6,Uncharacterized protein,1460289
AADFR,A0A0Q6EGN5,Glutathione S-transferase,1736384
AADFR,A0A086QGB3,SAM-dependent methyltransferase,933077
AADFR,A0A0H1AA24,Cro/Cl family transcriptional regulator,1120658
AADFR,W9C304,Pseudouridine synthase,1419876
AADFR,E5A9M6,"3,4-dihydroxy-2-butanone 4-phosphate synthase",985895
AADFR,J4WM26,RhoGEF domain-containing protein,655819
AADFR,A0A0B2B704,Uncharacterized protein,1348852
AADFR,A0A0T7QH38,Glutathione S-transferase,520
AADFR,A0A059KNT2,Uncharacterized protein,1286631
AADFR,E1QE48,"Sigma54 specific transcriptional regulator, Fis family",644282
AADFR,V8C0N0,Uncharacterized protein,1073375
AADFR,A0A0G1YME7,CTP synthase,1618934
AADFR,K2ME20,Uncharacterized protein,391937
AADFR,F9WIH6,"WGS project CAEQ00000000 data, annotated contig 792",1068625
AADFR,A0A0G4FAA9,Uncharacterized protein,1169540
AADFR,A0A0A2HXI7,Uncharacterized protein,1536652
AADFR,A0A0L8M818,Acetyltransferase,1961
AADFR,A0A0W7VXS8,Uncharacterized protein,398673
AADFR,A0A0V8A5E1,Uncharacterized protein,995020
AADFR,F1ZB57,Creatinine amidohydrolase family protein,983920
AADFR,R1DC92,Uncharacterized protein,2903
AADFR,A0A0P9RE06,PAAR motif protein,251654
AADFR,A6GF09,Citrate synthase,391625
AADFR,K5XG83,ATP-dependent DNA helicase Rep,440512
AADFR,S3ZBS2,Hydroxypyruvate isomerase,1286094
AADFR,A0A124HNV0,MFS transporter,1890
AADFR,H2MJK2,Uncharacterized protein,8090
AADFR,A0A0S4LJS7,Uncharacterized protein,1742973
AADFR,A0A0J6Y1W3,ATP-dependent DNA helicase hus2/rqh1,404692
AADFR,A0A0B2TJT7,Uncharacterized protein,1089444
AADFR,F6ESL6,Uncharacterized protein,443218
AADFR,L0MF26,Gamma-glutamyltransferase 1,1249634
AADFR,B9P021,DNA helicase,93058
AADFR,J7QA46,Threonine synthase,187303
AADFR,A0A125STW6,DNA helicase,1080068
AADFR,A0A0N0SDI2,Acetyltransferase,1415555
AADFR,A0A101HJL4,Proline--tRNA ligase,294710
AADFR,A0A0R2Y0D3,Filamentous hemagglutinin,75588
AADFR,W2K803,Uncharacterized protein,4792
AADFR,Q1IMQ6,Thiamine pyrophosphate enzyme-like TPP bindin,204669
AADFR,A9BDV1,DNA helicase,93059
AADFR,A7ENK0,Uncharacterized protein,665079
AADFR,F0E436,ATP-dependent DNA helicase Rep,985010
AADFR,I2NBA7,Glycerol kinase,1114943
AADFR,F8A0W2,Integral membrane sensor signal transduction histidine kinase,593907
AADFR,A0A093CFW6,Pyridoxal phosphate phosphatase PHOSPHO2,121530
AADFR,A0A124EBU4,Acetyltransferase,936756
AADFR,C6J0B3,Ser/Thr phosphatase family protein,621372
AADFR,I6YMN5,Thymidylate synthetase,1198014
AADFR,A0A0Q5UPG7,Chemotaxis protein,1736299
AADFR,K9P8J8,Mannose-1-phosphate guanylyltransferase/mannose-6-phosphate isomerase,292564
AADFR,A0A0L1IMZ1,Uncharacterized protein,1509407
AADFR,A0A0Q7XAC2,Uncharacterized protein,1736472
AADFR,A0A0E3UML0,Uncharacterized protein,314722
AADFR,S4CJM1,Redoxin family protein,1260358
AADFR,A0A0D2MJW7,Cytoplasmic dynein 2 heavy chain 1,145388
AADFR,A0A0N8WIR9,Integrase,102891
AADFR,C7RQU3,AzlC family protein,522306
AADFR,W0VK37,Probable Lysine-specific permease,1355161
AADFR,D3D8X6,Integrase catalytic region,102897
AADFR,A0A0G0WSD3,Uncharacterized protein,1618408
AADFR,A0A0K6HJZ8,Diguanylate cyclase (GGDEF) domain,363952
AADFR,W7IT53,Muramoyltetrapeptide carboxypeptidase,909613
AADFR,V7CD63,Hexosyltransferase,3885
AADFR,V7AXJ9,Hexosyltransferase,3885
AADFR,T2DNW7,Hexosyltransferase,3885
AADFR,F8DAN2,Lipolytic protein G-D-S-L family,797210
AADFR,A0A0G4E4P3,Uncharacterized protein,216595
AADFR,A0A0J8QNF9,RecQ helicase MUSN,454286
AADFR,A0A104LUK8,Uncharacterized protein,1636424
AADFR,A0A0D6IER1,Transcriptional regulatory protein,1772
AADFR,I4JQR3,ATP-dependent DNA helicase Rep,477228
AADFR,A0A0C5JAB9,Ribosome maturation factor RimP,1565605
AADFR,A0A0M7DVE4,Predicted permease%2C DMT superfamily,134375
AADFR,A0A0T6YH21,Uncharacterized protein,1358416
AADFR,X5DUR0,Lipid-A-disaccharide synthase,1168034
AADFR,A0A0C6ENS9,CobD protein,1522671
AADFR,W6YKB5,Carbohydrate esterase family 1 protein,930089
AADFR,A0A099RR43,ATP-dependent DNA helicase Rep,1487922
AADFR,A0A0A3Y380,Uridine kinase,375
AADFR,A0A0M9ZBS4,Acetyltransferase,1519487
AADFR,A0A0P7WSL8,Diguanylate cyclase (GGDEF) domain-containing protein,1298881
AADFR,E1L6Y9,Riboflavin biosynthesis protein RibBA,866776
AADFR,A0A090G937,FAD-linked oxidoreductase,1505932
AADFR,A0A0P7BMP1,RNA polymerase subunit sigma-24,269536
AADFR,A0A0C7BC26,Putative V-type H-transporting ATPase 21kDa proteolipid subunit,58291
AADFR,B1VGH3,Uncharacterized protein,504474
AADFR,B4RCY5,Exodeoxyribonuclease III,450851
AADFR,H0XB25,Uncharacterized protein,30611
AADFR,A0A0V0X015,Collagen type IV alpha-3-binding protein,92179
AADFR,Q7VDN4,DNA helicase,167539
AADFR,A0A0V1LT50,Collagen type IV alpha-3-binding protein,6335
AADFR,A0A0G3II18,Carbohydrate kinase,1545728
AADFR,J4KNU9,Peptide synthetase,655819
AADFR,A0A0Q7TC82,Exodeoxyribonuclease III,1736465
AADFR,W4M077,Uncharacterized protein,1429438
AADFR,W4YP42,Uncharacterized protein,7668
AADFR,A0A0B1T234,Uncharacterized protein,61180
AADFR,A0A0A2W116,Dynamin-binding protein,1245745
AADFR,A0A0G4FT19,Uncharacterized protein,1169474
AADFR,A0A0Q5W1K3,Uncharacterized protein,1736352
AADFR,A0A0M6YUB2,Aminomethyltransferase,311410
AADFR,Q0BYG6,Phosphoprotein phosphatase,228405
AADFR,C9A561,AhpC/TSA family protein,565655
AADFR,X6KYJ7,"Contig12, whole genome shotgun sequence",1169855
AADFR,A0A0R2RKA0,Diaminopimelate epimerase,1655590
AADFR,A0A0G2AEP7,Uncharacterized protein,1618935
AADFR,A0A0N0URI9,Acetyltransferase,1415561
AADFR,A0A0V0S3R7,Collagen type IV alpha-3-binding protein,6336
AADFR,W9S669,Uncharacterized protein,981085
AADFR,A0A108J8C7,Glutathione S-transferase,292
AADFR,A0A0D5L3P5,Pentapeptide repeats family protein,1468409
AADFR,A0A069IQF0,Exodeoxyribonuclease III,1495854
AADFR,T2S4V5,Phosphoenolpyruvate synthase,1382595
AADFR,J3MJY4,Uncharacterized protein,4533
AADFR,A9WHK2,Uncharacterized protein,324602
AADFR,F8XP61,ABC transporter-like protein,872330
AADFR,A0A0G4IMY8,Uncharacterized protein,37360
AADFR,A0A0E0AI20,Uncharacterized protein,40148
AADFR,G1XX67,CBS domain-containing protein,1003237
AADFR,A8J3S2,Predicted protein,3055
AADFR,U7FKA9,Uncharacterized protein,1397530
AADFR,W6RPF8,"ABC-type sugar transport system, ATPase component",348824
AADFR,H0TTN0,Uncharacterized protein,551947
AADFR,A0A0B2RUQ2,Uncharacterized protein,3848
AADFR,A0A0Q4R0E2,Chemotaxis protein,1736304
AADFR,A0A0F5W442,Uncharacterized protein,1415558
AADFR,A0A117DWI8,Similar to An01g03670,5061
AADFR,A0A094FPL1,Uncharacterized protein,1420909
AADFR,A0A077FGC9,ATP-dependent DNA helicase Rep,237609
AADFR,A0A0E0LJ97,Uncharacterized protein,4537
AADFR,A0A0E0LJ96,Uncharacterized protein,4537
AADFR,V7FPJ2,Phosphoenolpyruvate carboxykinase [ATP],1287292
AADFR,A0A0N6ZWT5,Membrane protein,1561023
AADFR,A0A0Q5LNB4,Exodeoxyribonuclease III,1736283
AADFR,Q9L3M1,Putative DNA helicase,1220
AADFR,J7LBC9,Pyridoxamine 5'-phosphate oxidase,1205910
AADFR,A0A0H3CG43,Exodeoxyribonuclease III,565050
AADFR,C6WVZ3,UvrABC system protein B,583345
AADFR,M0JID4,Polysaccharide deacetylase,662476
AADFR,Q31CM8,DNA helicase,74546
AADFR,Q8W6Y9,Head-to-tail connector (Portal),151528
AADFR,A0A0Q8NVK9,MFS transporter,1736486
AADFR,A4CIF0,Alanine racemase,313596
AADFR,A9KF58,Phosphoenolpyruvate-protein phosphotransferase,434922
AADFR,A0A124G297,"Sorbitol dehydrogenase, putative",1635293
AADFR,A0A0Q0BCF2,Uncharacterized protein,129140
AADFR,S7NIE2,Peroxiredoxin-2,109478
AADFR,R4LR92,Trypsinogen,649831
AADFR,A0A091F0Q5,Phosphoethanolamine/phosphocholine phosphatase,85066
AADFR,G0PLR9,Putative uncharacterized protein,135651
AADFR,A0A0T1X5L5,Chemotaxis protein,1736543
AADFR,A0A059BGZ1,Uncharacterized protein,71139
AADFR,S5ZYH4,Uncharacterized protein,1291379
AADFR,X8ABT9,Alpha/beta hydrolase family protein,1299329
AADFR,M5SUQ6,"Dehydrogenase, subunit C-like protein",595460
AADFR,Q07P69,"Transcriptional regulator, LuxR family",316055
AADFR,S4C1H5,Redoxin family protein,1259825
AADFR,G4XIJ9,NDP-4-keto-6-deoxyhexose 4-ketoreductase,1087979
AADFR,A0A0Q7UDX7,Uncharacterized protein,1736465
AADFR,E9E8A2,Ankyrin,655827
AADFR,A0A0E0R634,Uncharacterized protein,4529
AADFR,E9CUU0,RecQ helicase MUSN,443226
AADFR,X1E0L2,Uncharacterized protein,412755
AADFR,A0A0V0VDF3,Bifunctional heparan sulfate N-deacetylase/N-sulfotransferase,181606
AADFR,A8L8U8,"RNA polymerase, sigma-24 subunit, ECF subfamily",298653
AADFR,A0A0G3G5T8,Membrane protein,106634
AADFR,A0A0U5LI15,Putative inactive lipase/MT1628,1926
AADFR,A0A0A2BBL3,DNA helicase,167551
AADFR,A8G2W5,DNA helicase,93060
AADFR,A0A081GIE6,Mannose-1-phosphate guanyltransferase,1496688
AADFR,B4V2U3,Putative uncharacterized protein,465541
AADFR,B6QYP8,Glycine cleavage T-protein (Aminomethyl transferase),439495
AADFR,X7FC82,AsnC family transcriptional regulator,1449351
AADFR,A0A0G4L422,Uncharacterized protein,100787
AADFR,A0A0M8U711,Acetyltransferase,1519486
AADFR,I1G3U8,Uncharacterized protein,400682
AADFR,M5R8V1,Protein containing DUF1592,1265738
AADFR,J6JC82,Glutathione S-transferase,1187851
AADFR,A0A0D1NXC0,ATP-dependent DNA helicase Rep,303
AADFR,G0Q1A1,Putative uncharacterized protein,1609288
AADFR,S7V3F0,SAM-dependent methyltransferase,507601
AADFR,A0A0Q4H4B8,Uncharacterized protein,1735688
AADFR,Q2QLJ6,"Synaptobrevin family protein, expressed",39947
AADFR,W7ERQ9,Carbohydrate esterase family 1 protein,930091
AADFR,U2G418,Uncharacterized protein,1335308
AADFR,Q0QW01,Putative replication protein,486
AADFR,W9RRJ9,Hexosyltransferase,981085
AADFR,A0A0F2KZE5,Tyrosine recombinase XerC,528244
AADFR,B3QDL2,"Phosphonate ABC transporter, periplasmic phosphonate binding protein",395960
AADFR,A0A0E1W447,Uncharacterized protein,320371
AADFR,A0A0P9IKT6,GGDEF domain protein,129135
AADFR,B7FYL4,Predicted protein,556484
AADFR,Q9SBX5,AUX1 protein,4577
AADFR,I1Q9Q0,Uncharacterized protein,4538
AADFR,A0A0F7V2Y0,Ribosomal RNA large subunit methyltransferase I,432359
AADFR,A0A0S2DMS9,NLI interacting factor-like phosphatase,69
AADFR,R9MF91,Uncharacterized protein,1235799
AADFR,W9Y1J7,Uncharacterized protein,1182541
AADFR,A0A078LYT9,ATP-dependent DNA helicase Rep,1499686
AADFR,A0NPL6,Uncharacterized protein,384765
AADFR,A0A101K0V3,Ribonuclease T,406341
AADFR,A0A089PEA2,DNA helicase,1501269
AADFR,A0A0D7KMU3,Phosphoenolpyruvate-protein phosphotransferase,1458845
AADFR,A0A0Q6KBE3,"dTDP-4-dehydrorhamnose 3,5-epimerase",1736310
AADFR,A0A0K2R546,Uncharacterized protein,1588021
AADFR,A0A0F9E7I3,Uncharacterized protein,412755
AADFR,X0TTW8,Uncharacterized protein,412755
AADFR,X0WYB3,Uncharacterized protein,412755
AADFR,A0A0V0V706,Collagen type IV alpha-3-binding protein,181606
AADFR,B0T6C6,Exodeoxyribonuclease III Xth,366602
AADFR,A0A0N8RJ10,GGDEF domain protein,251653
AADFR,A0A0Q9NML3,PadR family transcriptional regulator,1736401
AADFR,J2ZYI8,Exodeoxyribonuclease III Xth,1144304
AADFR,A0A081GJ38,Methyltransferase,1496688
AADFR,J2J4V5,Glycosyltransferase,1144312
AADFR,A0A0X3S1Q7,Acetyltransferase,1609098
AADFR,E2ZMW2,Uncharacterized protein,748224
AADFR,J2WAM3,"ABC-type sugar transport system, ATPase component",1144306
AADFR,A0A086L4V1,SAM-dependent methyltransferase,943119
AADFR,A0A084DD32,AraC family transcriptional regulator,1506588
AADFR,A9A3L0,Putative PAS/PAC sensor protein,436308
AADFR,A0A0M9EGJ8,Uncharacterized protein,1389006
AADFR,I7BBL2,Non-ribosomal peptide synthetase,176275
AADFR,A0A098DJL1,Uncharacterized protein,5518
AADFR,A0A0V8M440,Aspartate aminotransferase,61435
AADFR,R9LH75,Uncharacterized protein,1235795
AADFR,A0A0A3I5Z1,Bacitracin ABC transporter ATP-binding protein,1384057
AADFR,A0A0M3UB24,Recombinase RecB,1641402
AADFR,C9CHC4,AhpC/TSA family protein,565654
AADFR,J3AZL4,Zn-dependent carboxypeptidase,1144311
AADFR,A0A0F5IC76,Putative acyl-[acyl-carrier protein] desaturase,1123719
AADFR,I8TJL0,Uncharacterized protein,1160506
AADFR,I1BZJ5,Uncharacterized protein,246409
AADFR,A0A087L6Q6,Uncharacterized protein,1524467
AADFR,A0A0L0CKR9,Uncharacterized protein,7375
AADFR,A0A0H5CV84,Uncharacterized protein,1653480
AADFR,A0A0V0TR59,Bifunctional heparan sulfate N-deacetylase/N-sulfotransferase,144512
AADFR,Q2ISN2,Phosphonate-binding periplasmic protein,316058
AADFR,X5U445,Uncharacterized protein,1287298
AADFR,A8IH88,Predicted protein,3055
AADFR,U5SEK7,Shikimate kinase,1266845
AADFR,A0A0Q4DMS0,Proline--tRNA ligase,1735672
AADFR,A7UVC6,AGAP012282-PA,7165
AADFR,A0A0N0U5A3,MYCBP-associated protein,166423
AADFR,A0A0S8HW94,Uncharacterized protein,1703387
AADFR,A0A0A3ZCN5,Uncharacterized protein,556
AADFR,A0A0Q0EIY9,GGDEF domain protein,251700
AADFR,A0A0E0Q6K3,Uncharacterized protein,4529
AADFR,G8PTN7,Glycine cleavage system T protein,911045
AADFR,A0A0X3XY25,ATPase,1609103
AADFR,W1IBS4,Alkylhydroperoxide reductase,120858
AADFR,A0A0J1I1W7,Octaprenyl-diphosphate synthase,999898
AADFR,D0MWQ1,Putative uncharacterized protein,403677
AADFR,A0A0G4MXZ3,Uncharacterized protein,100787
AADFR,A3JYG5,Adenine deaminase,388399
AADFR,A0A0E0J2W1,Uncharacterized protein,4536
AADFR,A0A0X2TWA7,"2,5-diketo-D-gluconate reductase B",1232866
AADFR,A0A0N2INI8,"Glutathione S-transferase, C-terminal domain protein",1331266
AADFR,A0A099CTW8,Transcriptional regulator,1543381
VVAAHR,B0FIL5,DNA-directed DNA polymerase,490103
VVAAHR,A0A0S8BWN0,Uncharacterized protein,1703407
VVAAHR,I1H7W7,Uncharacterized protein,15368
VVAAHR,A0A0C3DQH4,Uncharacterized protein,1036808
VVAAHR,A0A076EH96,SAM-dependent methyltransferase,37919
VVAAHR,A0A0F2CDL3,4-hydroxy-tetrahydrodipicolinate synthase,1263625
VVAAHR,A0A0F2C3S9,Bacterial alpha-L-rhamnosidase,1263625
VVAAHR,D3DCL1,Transposase IS204/IS1001/IS1096/IS1165 family protein,102897
VVAAHR,A0A0N0HXM5,Cytochrome P450,1609099
VVAAHR,A0A0J8YPK9,Histidine kinase,1628855
VVAAHR,D5GDR8,Uncharacterized protein,656061
VVAAHR,R4L7S8,TetR family transcriptional regulator,649831
VVAAHR,A0A0B0D3U0,Daunorubicin ABC transporter ATP-binding protein,1543706
VVAAHR,A0A0Q4LMH6,Uncharacterized protein,1736219
VVAAHR,A0A0G1SGP5,Lon protease,1618381
VVAAHR,S3ZET6,Putative Cytochrome 4c3,1286094
VVAAHR,A0A0M2LKN7,Phosphoglucomutase,1642040
VVAAHR,F7Y845,Oxidoreductase domain protein,536019
VVAAHR,R1GAH1,Hyaluronate lyase,1292037
VVAAHR,A0A0T7HIC3,Glycerol-3-phosphate dehydrogenase,323655
VVAAHR,A0A0G3I9P8,DNA ligase,1277257
VVAAHR,J9SVA2,DNA polymerase,1604355
VVAAHR,A0A076LKG0,Putative sensor-like histidine kinase YfhK,667120
VVAAHR,C6W6B8,Beta-mannanase-like protein,471854
VVAAHR,A0A0M7N3N2,Citrate lyase subunit beta-like protein,134375
VVAAHR,R1I460,Uncharacterized protein,1292037
VVAAHR,D6BAC0,Cytochrome P450,457425
VVAAHR,A0A0S8H614,Uncharacterized protein,1703412
VVAAHR,A0A0J0ABE7,Tol protein,5127
VVAAHR,A0A0Q4J6I7,Uncharacterized protein,1735692
VVAAHR,A0A090EN33,Oxidoreductase domain protein,1505933
VVAAHR,A0A0G1KGL2,Lon protease,1618525
VVAAHR,A0A0H3LYL0,Putative citrate lyase beta subunit,257310
VVAAHR,F4H057,Type II secretion system F domain protein,590998
VVAAHR,G0FV85,Uncharacterized protein,713604
VVAAHR,A0A0B4N258,DNA polymerase,1519788
VVAAHR,X0MH90,Cytochrome P450,1395572
VVAAHR,A0A0R1PBP7,S16 family peptidase,1423746
VVAAHR,G8RZ36,Phosphoserine phosphatase rsbP,134676
VVAAHR,A0A0M5JID4,Peptide chain release factor 1,712122
VVAAHR,A0A0E0MNN8,Uncharacterized protein,4537
VVAAHR,A0A0G1KWH9,Lon protease,1618387
VVAAHR,A0A0U1Q808,Host specificity protein,1120623
VVAAHR,A0A0W7VGK8,Uncharacterized protein,398673
VVAAHR,A0A0G1IB87,Lon protease,1618523
VVAAHR,A0A0X3AKS7,DNA polymerase beta subunit,1232866
VVAAHR,R1DS06,Uncharacterized protein,2903
VVAAHR,S4YBG2,Uncharacterized protein,1254432
VVAAHR,A0A0E0YWW0,Sensory histidine kinase GlrK,1288122
VVAAHR,B0UIZ6,Uncharacterized protein,426117
VVAAHR,A0A0N4Y656,Uncharacterized protein,27835
VVAAHR,A0A0Q5WSK0,Uncharacterized protein,1736356
VVAAHR,W6MUH3,Uncharacterized protein,1382522
VVAAHR,V4IQK5,Cytochrome P450,1223307
VVAAHR,A0A0G1KMT4,Lon protease,1618380
VVAAHR,A0A0Q7VBI9,Glycosyl transferase,1736470
VVAAHR,W6L0E1,Uncharacterized protein,134013
VVAAHR,A0A0Q7Q6F0,Sulfate/thiosulfate import ATP-binding protein CysA,1736549
VVAAHR,C5Y624,Putative uncharacterized protein Sb05g004760,4558
VVAAHR,A0A0F3KYS3,Chemotaxis protein CheA,345309
VVAAHR,A0A0G4HBL4,Uncharacterized protein,1169474
VVAAHR,A0A0R2C623,Endopeptidase,887896
VVAAHR,V4GWX0,Methylase,1324957
VVAAHR,A0A0Q8JK24,Host specificity protein,1736480
VVAAHR,F2V1B6,Uncharacterized protein,562973
VVAAHR,A0A0C3CTC5,Uncharacterized protein,913774
VVAAHR,A0A0G1DAK6,Lon protease,1618390
VVAAHR,A0A0Q5N4C2,Triosephosphate isomerase,1736285
VVAAHR,D0ZDB5,Histidine kinase,498217
VVAAHR,A0A0A1PZU5,Alpha-hemolysin translocation ATP-binding protein HlyB,1522316
VVAAHR,W9YJB2,Uncharacterized protein,1182542
VVAAHR,A0A0H1AU06,Cytochrome P450,1638939
VVAAHR,A0A0Q7N630,Uncharacterized protein,1736458
VVAAHR,A0A0H3D3X2,Uncharacterized protein,749927
VVAAHR,A0A0Q7HUS2,Uncharacterized protein,1736537
VVAAHR,B9K1B9,4-alpha-glucanotransferase,311402
VVAAHR,A0A0M7BPZ3,Citrate lyase subunit beta-like protein,134375
VVAAHR,W6ATV1,Putative DNA polymerase,1436889
VVAAHR,A0A0D5BI67,DNA polymerase,1598146
VVAAHR,I6XQY3,Uncharacterized protein,767029
VVAAHR,W5IXT8,Uncharacterized protein,95619
VVAAHR,K0MEC2,Putative citrate lyase beta subunit,1208660
VVAAHR,A0A0D5NAC3,Histidine kinase,35554
VVAAHR,A0A0D1PK23,"Contig119, whole genome shotgun sequence",1566387
VVAAHR,A0A034T2K6,"ATPase, histidine kinase-, DNA gyrase B-, and HSP90-like domain protein",1263550
VVAAHR,M3B451,Uncharacterized protein,1223523
VVAAHR,Q74ES8,"Sensor histidine kinase, HAMP domain-containing",243231
VVAAHR,C5YDZ1,Putative uncharacterized protein Sb06g025330,4558
VVAAHR,A0A0M8WEM2,Uncharacterized protein,1519492
VVAAHR,A7E7X4,Uncharacterized protein,665079
VVAAHR,A0A0M4DI62,Uncharacterized protein,1649184
VVAAHR,S0DZU3,Related to tol protein,1279085
VVAAHR,A0A100X0T2,Uncharacterized protein,59813
VVAAHR,C7XTN2,PDZ domain family protein,575594
VVAAHR,A0A024URC4,Uncharacterized protein,157072
VVAAHR,A0A0L0R808,Host specificity protein,217203
VVAAHR,C7ZGJ6,Putative uncharacterized protein,660122
VVAAHR,A0A0L8NF32,Cytochrome P450,35619
VVAAHR,A0A063TUE1,HpcH/HpaI aldolase/citrate lyase family protein,1331242
VVAAHR,A0A0Q6ALE2,Uncharacterized protein,1736369
VVAAHR,A0A0N0GWX2,Cytochrome P450,66876
VVAAHR,A0A0G1JPT9,Lon protease,1618384
VVAAHR,A0A0R1US76,Uncharacterized protein,1423742
VVAAHR,R1CIF0,Uncharacterized protein,2903
VVAAHR,A0A0X3X9D4,Cytochrome,67263
VVAAHR,D8U5Z3,Putative uncharacterized protein,3068
VVAAHR,J4P6D1,HpcH/HpaI aldolase/citrate lyase family protein 1,1156919
VVAAHR,Q7W4L7,Putative citrate lyase beta subunit,257311
VVAAHR,H0F191,HpcH/HpaI aldolase/citrate lyase family protein 1,477184
VVAAHR,A0A0G1JYI6,Lon protease,1618392
VVAAHR,A0A061LZK0,Inositol 2-dehydrogenase,1292023
VVAAHR,B8IDG0,Uncharacterized protein,460265
VVAAHR,E3QIY6,Putative uncharacterized protein,645133
VVAAHR,K1VX27,Cytochrome P450,1195457
VVAAHR,F4Y2B3,Putative nonribosomal peptide synthetase,489825
VVAAHR,A0A0C6PD49,Putative citrate lyase beta subunit,568707
VVAAHR,W7TEU6,Formamidopyrimidine-dna glycosylase,72520
VVAAHR,A0A058YK96,HpcH/HpaI aldolase/citrate lyase family protein,1331202
VVAAHR,A0A0D6WVI6,Cytochrome P450,1592330
VVAAHR,A0A0F2C9B0,Galactose/methyl galactoside import ATP-binding protein MglA,1263625
VVAAHR,K2ASH6,Uncharacterized protein,717931
VVAAHR,A0A059VXT3,Cytochrome P450,68570
VVAAHR,A0A0X8JDB2,Peptide chain release factor 1,111015
VVAAHR,A0A0S1UVK2,Cytochrome P450,206662
VVAAHR,N4W083,2og-fe oxygenase superfamily protein,1213857
VVAAHR,X0QIA6,Uncharacterized protein,1219028
VVAAHR,A0A0H3DQK1,Histidine kinase,718251
