peptide,superkingdom,kingdom,subkingdom,superphylum,phylum,subphylum,superclass,class_,subclass,infraclass,superorder,order,suborder,infraorder,parvorder,superfamily,family,subfamily,tribe,subtribe,genus,subgenus,species_group,species_subgroup,species,subspecies,varietas,forma
AAEPR,"","","","","","","","","","","","","","","","","","","","","","","","","","","",""
AAFPR,"","","","","","","","","","","","","","","","","","","","","","","","","","","",""
AAMLK,"","","","","","","","","","","","","","","","","","","","","","","","","","","",""
ADFPK,"","","","","","","","","","","","","","","","","","","","","","","","","","","",""
ADHSPR,"","","","","","","","","","","","","","","","","","","","","","","","","","","",""
AEDPK,"","","","","","","","","","","","","","","","","","","","","","","","","","","",""
AETTPR,"","","","","","","","","","","","","","","","","","","","","","","","","","","",""
AFHQLR,"","","","","","","","","","","","","","","","","","","","","","","","","","","",""
AFLGVPR,"","","","","","","","","","","","","","","","","","","","","","","","","","","",""
AFRPR,"","","","","","","","","","","","","","","","","","","","","","","","","","","",""
AFSPK,"","","","","","","","","","","","","","","","","","","","","","","","","","","",""
AFVPR,"","","","","","","","","","","","","","","","","","","","","","","","","","","",""
AGQLVGK,"","","","","","","","","","","","","","","","","","","","","","","","","","","",""
AMHLR,"","","","","","","","","","","","","","","","","","","","","","","","","","","",""
AWLPR,"","","","","","","","","","","","","","","","","","","","","","","","","","","",""
AWPRPR,"","","","","","","","","","","","","","","","","","","","","","","","","","","",""
DDDDDR,"","","","","","","","","","","","","","","","","","","","","","","","","","","",""
DDGDR,"","","","","","","","","","","","","","","","","","","","","","","","","","","",""
DDGNGR,"","","","","","","","","","","","","","","","","","","","","","","","","","","",""
DEPAK,"","","","","","","","","","","","","","","","","","","","","","","","","","","",""
DYDER,"","","","","","","","","","","","","","","","","","","","","","","","","","","",""
EDDDR,"","","","","","","","","","","","","","","","","","","","","","","","","","","",""
EEALK,"","","","","","","","","","","","","","","","","","","","","","","","","","","",""
EEDVYR,"","","","","","","","","","","","","","","","","","","","","","","","","","","",""
EEPGK,"","","","","","","","","","","","","","","","","","","","","","","","","","","",""
ELFPR,"","","","","","","","","","","","","","","","","","","","","","","","","","","",""
ENWPR,"","","","","","","","","","","","","","","","","","","","","","","","","","","",""
EQTPK,"","","","","","","","","","","","","","","","","","","","","","","","","","","",""
EWHDPR,"","","","","","","","","","","","","","","","","","","","","","","","","","","",""
EWTWR,"","","","","","","","","","","","","","","","","","","","","","","","","","","",""
EYYPK,"","","","","","","","","","","","","","","","","","","","","","","","","","","",""
EYYPR,"","","","","","","","","","","","","","","","","","","","","","","","","","","",""
FELPK,"","","","","","","","","","","","","","","","","","","","","","","","","","","",""
FEQTLR,"","","","","","","","","","","","","","","","","","","","","","","","","","","",""
FEWWR,"","","","","","","","","","","","","","","","","","","","","","","","","","","",""
FLTAR,"","","","","","","","","","","","","","","","","","","","","","","","","","","",""
FVQAAPR,"","","","","","","","","","","","","","","","","","","","","","","","","","","",""
FWAWR,"","","","","","","","","","","","","","","","","","","","","","","","","","","",""
FWFPK,"","","","","","","","","","","","","","","","","","","","","","","","","","","",""
FWQQR,"","","","","","","","","","","","","","","","","","","","","","","","","","","",""
FWWPR,"","","","","","","","","","","","","","","","","","","","","","","","","","","",""
FYKPK,"","","","","","","","","","","","","","","","","","","","","","","","","","","",""
GAKPR,"","","","","","","","","","","","","","","","","","","","","","","","","","","",""
GASSPR,"","","","","","","","","","","","","","","","","","","","","","","","","","","",""
GAWTK,"","","","","","","","","","","","","","","","","","","","","","","","","","","",""
GAYALR,"","","","","","","","","","","","","","","","","","","","","","","","","","","",""
GAYFWR,"","","","","","","","","","","","","","","","","","","","","","","","","","","",""
GDDGR,"","","","","","","","","","","","","","","","","","","","","","","","","","","",""
GDGDR,"","","","","","","","","","","","","","","","","","","","","","","","","","","",""
GDGNGK,"","","","","","","","","","","","","","","","","","","","","","","","","","","",""
GEEPK,"","","","","","","","","","","","","","","","","","","","","","","","","","","",""
GELLLR,"","","","","","","","","","","","","","","","","","","","","","","","","","","",""
GELVPR,"","","","","","","","","","","","","","","","","","","","","","","","","","","",""
GEMPLK,"","","","","","","","","","","","","","","","","","","","","","","","","","","",""
GEPPR,"","","","","","","","","","","","","","","","","","","","","","","","","","","",""
GEQTPK,"","","","","","","","","","","","","","","","","","","","","","","","","","","",""
GFSER,"","","","","","","","","","","","","","","","","","","","","","","","","","","",""
GGDDR,"","","","","","","","","","","","","","","","","","","","","","","","","","","",""
GGDNPR,"","","","","","","","","","","","","","","","","","","","","","","","","","","",""
GGGGGDK,"","","","","","","","","","","","","","","","","","","","","","","","","","","",""
GGGPK,"","","","","","","","","","","","","","","","","","","","","","","","","","","",""
GGGPR,"","","","","","","","","","","","","","","","","","","","","","","","","","","",""
GGMPR,"","","","","","","","","","","","","","","","","","","","","","","","","","","",""
GGNNNR,"","","","","","","","","","","","","","","","","","","","","","","","","","","",""
GGWDYR,"","","","","","","","","","","","","","","","","","","","","","","","","","","",""
GGWELR,"","","","","","","","","","","","","","","","","","","","","","","","","","","",""
GGWFYK,"","","","","","","","","","","","","","","","","","","","","","","","","","","",""
GGWPK,"","","","","","","","","","","","","","","","","","","","","","","","","","","",""
GGWWPR,"","","","","","","","","","","","","","","","","","","","","","","","","","","",""
GLFPK,"","","","","","","","","","","","","","","","","","","","","","","","","","","",""
GLMLR,"","","","","","","","","","","","","","","","","","","","","","","","","","","",""
GMLLR,"","","","","","","","","","","","","","","","","","","","","","","","","","","",""
GSAPLK,"","","","","","","","","","","","","","","","","","","","","","","","","","","",""
GSEPK,"","","","","","","","","","","","","","","","","","","","","","","","","","","",""
GSGPPK,"","","","","","","","","","","","","","","","","","","","","","","","","","","",""
GSNPR,"","","","","","","","","","","","","","","","","","","","","","","","","","","",""
GSTSK,"","","","","","","","","","","","","","","","","","","","","","","","","","","",""
GVELR,"","","","","","","","","","","","","","","","","","","","","","","","","","","",""
GVWPGK,"","","","","","","","","","","","","","","","","","","","","","","","","","","",""
HEDEK,"","","","","","","","","","","","","","","","","","","","","","","","","","","",""
HEEEK,"","","","","","","","","","","","","","","","","","","","","","","","","","","",""
HGAGPR,"","","","","","","","","","","","","","","","","","","","","","","","","","","",""
HHAPK,"","","","","","","","","","","","","","","","","","","","","","","","","","","",""
HLAMK,"","","","","","","","","","","","","","","","","","","","","","","","","","","",""
HLEWR,"","","","","","","","","","","","","","","","","","","","","","","","","","","",""
HLFGFR,"","","","","","","","","","","","","","","","","","","","","","","","","","","",""
HLLHEGK,"","","","","","","","","","","","","","","","","","","","","","","","","","","",""
HLLWGR,"","","","","","","","","","","","","","","","","","","","","","","","","","","",""
LDSPR,"","","","","","","","","","","","","","","","","","","","","","","","","","","",""
LEAGYR,"","","","","","","","","","","","","","","","","","","","","","","","","","","",""
LEDEPR,"","","","","","","","","","","","","","","","","","","","","","","","","","","",""
LEFPR,"","","","","","","","","","","","","","","","","","","","","","","","","","","",""
LEQVPR,"","","","","","","","","","","","","","","","","","","","","","","","","","","",""
LETPK,"","","","","","","","","","","","","","","","","","","","","","","","","","","",""
LEVAK,"","","","","","","","","","","","","","","","","","","","","","","","","","","",""
LEVLR,"","","","","","","","","","","","","","","","","","","","","","","","","","","",""
LEVMR,"","","","","","","","","","","","","","","","","","","","","","","","","","","",""
LFDPDR,"","","","","","","","","","","","","","","","","","","","","","","","","","","",""
LHHLPR,"","","","","","","","","","","","","","","","","","","","","","","","","","","",""
LLDEVGR,"","","","","","","","","","","","","","","","","","","","","","","","","","","",""
LLDGPK,"","","","","","","","","","","","","","","","","","","","","","","","","","","",""
LLELKPR,"","","","","","","","","","","","","","","","","","","","","","","","","","","",""
LLGLGR,"","","","","","","","","","","","","","","","","","","","","","","","","","","",""
LLGPK,"","","","","","","","","","","","","","","","","","","","","","","","","","","",""
LLWWYR,"","","","","","","","","","","","","","","","","","","","","","","","","","","",""
LMAPR,"","","","","","","","","","","","","","","","","","","","","","","","","","","",""
LMPYGK,"","","","","","","","","","","","","","","","","","","","","","","","","","","",""
LTQPR,"","","","","","","","","","","","","","","","","","","","","","","","","","","",""
LTTPK,"","","","","","","","","","","","","","","","","","","","","","","","","","","",""
LWFPPK,"","","","","","","","","","","","","","","","","","","","","","","","","","","",""
LYAMR,"","","","","","","","","","","","","","","","","","","","","","","","","","","",""
MEAGPK,"","","","","","","","","","","","","","","","","","","","","","","","","","","",""
MFAPR,"","","","","","","","","","","","","","","","","","","","","","","","","","","",""
MFGPK,"","","","","","","","","","","","","","","","","","","","","","","","","","","",""
MLLEPR,"","","","","","","","","","","","","","","","","","","","","","","","","","","",""
MLRPR,"","","","","","","","","","","","","","","","","","","","","","","","","","","",""
MPYGK,"","","","","","","","","","","","","","","","","","","","","","","","","","","",""
MQGPPR,"","","","","","","","","","","","","","","","","","","","","","","","","","","",""
MWEHR,"","","","","","","","","","","","","","","","","","","","","","","","","","","",""
MWFPK,"","","","","","","","","","","","","","","","","","","","","","","","","","","",""
MWQLR,"","","","","","","","","","","","","","","","","","","","","","","","","","","",""
NLGLK,"","","","","","","","","","","","","","","","","","","","","","","","","","","",""
NLGMR,"","","","","","","","","","","","","","","","","","","","","","","","","","","",""
NLMPR,"","","","","","","","","","","","","","","","","","","","","","","","","","","",""
NLPWWR,"","","","","","","","","","","","","","","","","","","","","","","","","","","",""
NWPYPR,"","","","","","","","","","","","","","","","","","","","","","","","","","","",""
QERPR,"","","","","","","","","","","","","","","","","","","","","","","","","","","",""
QGGDR,"","","","","","","","","","","","","","","","","","","","","","","","","","","",""
QLVPR,"","","","","","","","","","","","","","","","","","","","","","","","","","","",""
QTTPGR,"","","","","","","","","","","","","","","","","","","","","","","","","","","",""
QYEPR,"","","","","","","","","","","","","","","","","","","","","","","","","","","",""
SDDDR,"","","","","","","","","","","","","","","","","","","","","","","","","","","",""
SDDGDR,"","","","","","","","","","","","","","","","","","","","","","","","","","","",""
SEPGK,"","","","","","","","","","","","","","","","","","","","","","","","","","","",""
SEVWRPR,"","","","","","","","","","","","","","","","","","","","","","","","","","","",""
SLLGSR,"","","","","","","","","","","","","","","","","","","","","","","","","","","",""
SLTEK,"","","","","","","","","","","","","","","","","","","","","","","","","","","",""
SLVPR,"","","","","","","","","","","","","","","","","","","","","","","","","","","",""
SNPFK,"","","","","","","","","","","","","","","","","","","","","","","","","","","",""
SSSGK,"","","","","","","","","","","","","","","","","","","","","","","","","","","",""
SYPAK,"","","","","","","","","","","","","","","","","","","","","","","","","","","",""
TEALNYK,"","","","","","","","","","","","","","","","","","","","","","","","","","","",""
TEKPK,"","","","","","","","","","","","","","","","","","","","","","","","","","","",""
TEMYR,"","","","","","","","","","","","","","","","","","","","","","","","","","","",""
TETPR,"","","","","","","","","","","","","","","","","","","","","","","","","","","",""
TFWRPK,"","","","","","","","","","","","","","","","","","","","","","","","","","","",""
TLAKPK,"","","","","","","","","","","","","","","","","","","","","","","","","","","",""
TLTPR,"","","","","","","","","","","","","","","","","","","","","","","","","","","",""
TVVLK,"","","","","","","","","","","","","","","","","","","","","","","","","","","",""
TWKPK,"","","","","","","","","","","","","","","","","","","","","","","","","","","",""
TYLSSLR,"","","","","","","","","","","","","","","","","","","","","","","","","","","",""
TYLTHR,"","","","","","","","","","","","","","","","","","","","","","","","","","","",""
VGLFPR,"","","","","","","","","","","","","","","","","","","","","","","","","","","",""
VMRPR,"","","","","","","","","","","","","","","","","","","","","","","","","","","",""
VQQPR,"","","","","","","","","","","","","","","","","","","","","","","","","","","",""
VVLALK,"","","","","","","","","","","","","","","","","","","","","","","","","","","",""
WHAAPPR,"","","","","","","","","","","","","","","","","","","","","","","","","","","",""
WHMPK,"","","","","","","","","","","","","","","","","","","","","","","","","","","",""
WLQWLR,"","","","","","","","","","","","","","","","","","","","","","","","","","","",""
WPWYR,"","","","","","","","","","","","","","","","","","","","","","","","","","","",""
YGPSPK,"","","","","","","","","","","","","","","","","","","","","","","","","","","",""
YLLAPPK,"","","","","","","","","","","","","","","","","","","","","","","","","","","",""
YQGPR,"","","","","","","","","","","","","","","","","","","","","","","","","","","",""
AAEGPR,"","","","","","","","","","","","","","","","","","","","","","","","","","","",""
AAHAR,"","","","","","","","","","","","","","","","","","","","","","","","","","","",""
ADLVPK,"","","","","","","","","","","","","","","","","","","","","","","","","","","",""
AFVLR,"","","","","","","","","","","","","","","","","","","","","","","","","","","",""
AGFNMR,"","","","","","","","","","","","","","","","","","","","","","","","","","","",""
AGFQYR,"","","","","","","","","","","","","","","","","","","","","","","","","","","",""
AHQPR,"","","","","","","","","","","","","","","","","","","","","","","","","","","",""
ALPYEK,"","","","","","","","","","","","","","","","","","","","","","","","","","","",""
AMPLR,"","","","","","","","","","","","","","","","","","","","","","","","","","","",""
AWRPR,"","","","","","","","","","","","","","","","","","","","","","","","","","","",""
DDDDR,"","","","","","","","","","","","","","","","","","","","","","","","","","","",""
DDDPK,"","","","","","","","","","","","","","","","","","","","","","","","","","","",""
DEPPR,"","","","","","","","","","","","","","","","","","","","","","","","","","","",""
DEPTSK,"","","","","","","","","","","","","","","","","","","","","","","","","","","",""
DGFLFAK,"","","","","","","","","","","","","","","","","","","","","","","","","","","",""
DGGNGK,"","","","","","","","","","","","","","","","","","","","","","","","","","","",""
DGHPVFR,"","","","","","","","","","","","","","","","","","","","","","","","","","","",""
DGNNR,"","","","","","","","","","","","","","","","","","","","","","","","","","","",""
DHRPER,"","","","","","","","","","","","","","","","","","","","","","","","","","","",""
DMGPR,"","","","","","","","","","","","","","","","","","","","","","","","","","","",""
EEPPK,"","","","","","","","","","","","","","","","","","","","","","","","","","","",""
EGTGK,"","","","","","","","","","","","","","","","","","","","","","","","","","","",""
ELLGLK,"","","","","","","","","","","","","","","","","","","","","","","","","","","",""
EWKPK,"","","","","","","","","","","","","","","","","","","","","","","","","","","",""
FAKPHR,"","","","","","","","","","","","","","","","","","","","","","","","","","","",""
FEALR,"","","","","","","","","","","","","","","","","","","","","","","","","","","",""
FEDPR,"","","","","","","","","","","","","","","","","","","","","","","","","","","",""
FEEFR,"","","","","","","","","","","","","","","","","","","","","","","","","","","",""
FFVPR,"","","","","","","","","","","","","","","","","","","","","","","","","","","",""
FHMPR,"","","","","","","","","","","","","","","","","","","","","","","","","","","",""
FLHQHR,"","","","","","","","","","","","","","","","","","","","","","","","","","","",""
FLTPK,"","","","","","","","","","","","","","","","","","","","","","","","","","","",""
FYGDR,"","","","","","","","","","","","","","","","","","","","","","","","","","","",""
GAHHHR,"","","","","","","","","","","","","","","","","","","","","","","","","","","",""
GAHNPR,"","","","","","","","","","","","","","","","","","","","","","","","","","","",""
GAMLPR,"","","","","","","","","","","","","","","","","","","","","","","","","","","",""
GAMPR,"","","","","","","","","","","","","","","","","","","","","","","","","","","",""
GARPR,"","","","","","","","","","","","","","","","","","","","","","","","","","","",""
GAWFK,"","","","","","","","","","","","","","","","","","","","","","","","","","","",""
GEDWR,"","","","","","","","","","","","","","","","","","","","","","","","","","","",""
GEPPK,"","","","","","","","","","","","","","","","","","","","","","","","","","","",""
GETPEAK,"","","","","","","","","","","","","","","","","","","","","","","","","","","",""
GGHKPR,"","","","","","","","","","","","","","","","","","","","","","","","","","","",""
GGHMR,"","","","","","","","","","","","","","","","","","","","","","","","","","","",""
GGHNK,"","","","","","","","","","","","","","","","","","","","","","","","","","","",""
GGWFGK,"","","","","","","","","","","","","","","","","","","","","","","","","","","",""
GGWFR,"","","","","","","","","","","","","","","","","","","","","","","","","","","",""
GSAGR,"","","","","","","","","","","","","","","","","","","","","","","","","","","",""
GSFSK,"","","","","","","","","","","","","","","","","","","","","","","","","","","",""
GSGGR,"","","","","","","","","","","","","","","","","","","","","","","","","","","",""
GSSSK,"","","","","","","","","","","","","","","","","","","","","","","","","","","",""
GTPPPPK,"","","","","","","","","","","","","","","","","","","","","","","","","","","",""
GVFPR,"","","","","","","","","","","","","","","","","","","","","","","","","","","",""
GVWYLR,"","","","","","","","","","","","","","","","","","","","","","","","","","","",""
HEPLR,"","","","","","","","","","","","","","","","","","","","","","","","","","","",""
HLDGPGR,"","","","","","","","","","","","","","","","","","","","","","","","","","","",""
HLHPR,"","","","","","","","","","","","","","","","","","","","","","","","","","","",""
HLPPK,"","","","","","","","","","","","","","","","","","","","","","","","","","","",""
HVKPK,"","","","","","","","","","","","","","","","","","","","","","","","","","","",""
HWPPK,"","","","","","","","","","","","","","","","","","","","","","","","","","","",""
KPPPR,"","","","","","","","","","","","","","","","","","","","","","","","","","","",""
LEVAPPK,"","","","","","","","","","","","","","","","","","","","","","","","","","","",""
LEVKPGK,"","","","","","","","","","","","","","","","","","","","","","","","","","","",""
LEWMLR,"","","","","","","","","","","","","","","","","","","","","","","","","","","",""
LHKPK,"","","","","","","","","","","","","","","","","","","","","","","","","","","",""
LHNHR,"","","","","","","","","","","","","","","","","","","","","","","","","","","",""
LLMGK,"","","","","","","","","","","","","","","","","","","","","","","","","","","",""
LLVHGK,"","","","","","","","","","","","","","","","","","","","","","","","","","","",""
LMLAK,"","","","","","","","","","","","","","","","","","","","","","","","","","","",""
LPMYR,"","","","","","","","","","","","","","","","","","","","","","","","","","","",""
LSLEKPK,"","","","","","","","","","","","","","","","","","","","","","","","","","","",""
LSPPPK,"","","","","","","","","","","","","","","","","","","","","","","","","","","",""
LTYTPR,"","","","","","","","","","","","","","","","","","","","","","","","","","","",""
LWEVVGR,"","","","","","","","","","","","","","","","","","","","","","","","","","","",""
LWHALK,"","","","","","","","","","","","","","","","","","","","","","","","","","","",""
LYAER,"","","","","","","","","","","","","","","","","","","","","","","","","","","",""
LYALR,"","","","","","","","","","","","","","","","","","","","","","","","","","","",""
MEHEWK,"","","","","","","","","","","","","","","","","","","","","","","","","","","",""
MEYLR,"","","","","","","","","","","","","","","","","","","","","","","","","","","",""
MLMYR,"","","","","","","","","","","","","","","","","","","","","","","","","","","",""
MLNFR,"","","","","","","","","","","","","","","","","","","","","","","","","","","",""
MLPPR,"","","","","","","","","","","","","","","","","","","","","","","","","","","",""
QLEPK,"","","","","","","","","","","","","","","","","","","","","","","","","","","",""
SDPPK,"","","","","","","","","","","","","","","","","","","","","","","","","","","",""
SEDPK,"","","","","","","","","","","","","","","","","","","","","","","","","","","",""
SELPK,"","","","","","","","","","","","","","","","","","","","","","","","","","","",""
SFWKPK,"","","","","","","","","","","","","","","","","","","","","","","","","","","",""
SLHVLK,"","","","","","","","","","","","","","","","","","","","","","","","","","","",""
SLPPK,"","","","","","","","","","","","","","","","","","","","","","","","","","","",""
SLPQMK,"","","","","","","","","","","","","","","","","","","","","","","","","","","",""
SLWAPR,"","","","","","","","","","","","","","","","","","","","","","","","","","","",""
SVYMPR,"","","","","","","","","","","","","","","","","","","","","","","","","","","",""
SYELR,"","","","","","","","","","","","","","","","","","","","","","","","","","","",""
SYYPR,"","","","","","","","","","","","","","","","","","","","","","","","","","","",""
TFLLR,"","","","","","","","","","","","","","","","","","","","","","","","","","","",""
TLAWPR,"","","","","","","","","","","","","","","","","","","","","","","","","","","",""
TLYPK,"","","","","","","","","","","","","","","","","","","","","","","","","","","",""
TQSTPR,"","","","","","","","","","","","","","","","","","","","","","","","","","","",""
TTSPR,"","","","","","","","","","","","","","","","","","","","","","","","","","","",""
TWYPR,"","","","","","","","","","","","","","","","","","","","","","","","","","","",""
TYFPR,"","","","","","","","","","","","","","","","","","","","","","","","","","","",""
VGTGGR,"","","","","","","","","","","","","","","","","","","","","","","","","","","",""
VPLPVR,"","","","","","","","","","","","","","","","","","","","","","","","","","","",""
VYMFR,"","","","","","","","","","","","","","","","","","","","","","","","","","","",""
WLVGPR,"","","","","","","","","","","","","","","","","","","","","","","","","","","",""
WPPPR,"","","","","","","","","","","","","","","","","","","","","","","","","","","",""
WWPLR,"","","","","","","","","","","","","","","","","","","","","","","","","","","",""
WYGSTK,"","","","","","","","","","","","","","","","","","","","","","","","","","","",""
YGTGK,"","","","","","","","","","","","","","","","","","","","","","","","","","","",""
YLGNWLR,"","","","","","","","","","","","","","","","","","","","","","","","","","","",""
AAHPR,"","","","","","","","","","","","","","","","","","","","","","","","","","","",""
AAMPR,"","","","","","","","","","","","","","","","","","","","","","","","","","","",""
AAPPK,"","","","","","","","","","","","","","","","","","","","","","","","","","","",""
AATGPK,"","","","","","","","","","","","","","","","","","","","","","","","","","","",""
AGDPPK,"","","","","","","","","","","","","","","","","","","","","","","","","","","",""
AHNMR,"","","","","","","","","","","","","","","","","","","","","","","","","","","",""
AYDPK,"","","","","","","","","","","","","","","","","","","","","","","","","","","",""
DDEDR,"","","","","","","","","","","","","","","","","","","","","","","","","","","",""
DEDDR,"","","","","","","","","","","","","","","","","","","","","","","","","","","",""
DEDPR,"","","","","","","","","","","","","","","","","","","","","","","","","","","",""
DESTMR,"","","","","","","","","","","","","","","","","","","","","","","","","","","",""
DMTPK,"","","","","","","","","","","","","","","","","","","","","","","","","","","",""
DMYLR,"","","","","","","","","","","","","","","","","","","","","","","","","","","",""
DPDDK,"","","","","","","","","","","","","","","","","","","","","","","","","","","",""
DSPPK,"","","","","","","","","","","","","","","","","","","","","","","","","","","",""
DTNGER,"","","","","","","","","","","","","","","","","","","","","","","","","","","",""
DWDFR,"","","","","","","","","","","","","","","","","","","","","","","","","","","",""
DWDPR,"","","","","","","","","","","","","","","","","","","","","","","","","","","",""
EDDER,"","","","","","","","","","","","","","","","","","","","","","","","","","","",""
EEDER,"","","","","","","","","","","","","","","","","","","","","","","","","","","",""
EEEDR,"","","","","","","","","","","","","","","","","","","","","","","","","","","",""
EEGDR,"","","","","","","","","","","","","","","","","","","","","","","","","","","",""
EENGTR,"","","","","","","","","","","","","","","","","","","","","","","","","","","",""
EGYMEK,"","","","","","","","","","","","","","","","","","","","","","","","","","","",""
ESMPPR,"","","","","","","","","","","","","","","","","","","","","","","","","","","",""
FGGPR,"","","","","","","","","","","","","","","","","","","","","","","","","","","",""
FLAGHLK,"","","","","","","","","","","","","","","","","","","","","","","","","","","",""
FLHVPR,"","","","","","","","","","","","","","","","","","","","","","","","","","","",""
FLMPK,"","","","","","","","","","","","","","","","","","","","","","","","","","","",""
FYDPK,"","","","","","","","","","","","","","","","","","","","","","","","","","","",""
GAFPR,"","","","","","","","","","","","","","","","","","","","","","","","","","","",""
GAFSK,"","","","","","","","","","","","","","","","","","","","","","","","","","","",""
GAFSYR,"","","","","","","","","","","","","","","","","","","","","","","","","","","",""
GAGSK,"","","","","","","","","","","","","","","","","","","","","","","","","","","",""
GAMMR,"","","","","","","","","","","","","","","","","","","","","","","","","","","",""
GATGR,"","","","","","","","","","","","","","","","","","","","","","","","","","","",""
GAYLR,"","","","","","","","","","","","","","","","","","","","","","","","","","","",""
GEDYPR,"","","","","","","","","","","","","","","","","","","","","","","","","","","",""
GELPPK,"","","","","","","","","","","","","","","","","","","","","","","","","","","",""
GETTK,"","","","","","","","","","","","","","","","","","","","","","","","","","","",""
GGDDQR,"","","","","","","","","","","","","","","","","","","","","","","","","","","",""
GGFPR,"","","","","","","","","","","","","","","","","","","","","","","","","","","",""
GGMYR,"","","","","","","","","","","","","","","","","","","","","","","","","","","",""
GHFPK,"","","","","","","","","","","","","","","","","","","","","","","","","","","",""
GMPPR,"","","","","","","","","","","","","","","","","","","","","","","","","","","",""
GNDGGR,"","","","","","","","","","","","","","","","","","","","","","","","","","","",""
GQGGHR,"","","","","","","","","","","","","","","","","","","","","","","","","","","",""
GSAFK,"","","","","","","","","","","","","","","","","","","","","","","","","","","",""
GSASK,"","","","","","","","","","","","","","","","","","","","","","","","","","","",""
GSMGR,"","","","","","","","","","","","","","","","","","","","","","","","","","","",""
GSVPGK,"","","","","","","","","","","","","","","","","","","","","","","","","","","",""
HLGPR,"","","","","","","","","","","","","","","","","","","","","","","","","","","",""
HWEPK,"","","","","","","","","","","","","","","","","","","","","","","","","","","",""
LEVFK,"","","","","","","","","","","","","","","","","","","","","","","","","","","",""
LLYLR,"","","","","","","","","","","","","","","","","","","","","","","","","","","",""
LLYPK,"","","","","","","","","","","","","","","","","","","","","","","","","","","",""
LMHGK,"","","","","","","","","","","","","","","","","","","","","","","","","","","",""
LNTAK,"","","","","","","","","","","","","","","","","","","","","","","","","","","",""
LWFELK,"","","","","","","","","","","","","","","","","","","","","","","","","","","",""
MEEGPK,"","","","","","","","","","","","","","","","","","","","","","","","","","","",""
MFVPK,"","","","","","","","","","","","","","","","","","","","","","","","","","","",""
MGFGR,"","","","","","","","","","","","","","","","","","","","","","","","","","","",""
MGGPR,"","","","","","","","","","","","","","","","","","","","","","","","","","","",""
MGPGR,"","","","","","","","","","","","","","","","","","","","","","","","","","","",""
MPPGR,"","","","","","","","","","","","","","","","","","","","","","","","","","","",""
MYDDK,"","","","","","","","","","","","","","","","","","","","","","","","","","","",""
MYDEPK,"","","","","","","","","","","","","","","","","","","","","","","","","","","",""
SEGPGR,"","","","","","","","","","","","","","","","","","","","","","","","","","","",""
SEVGK,"","","","","","","","","","","","","","","","","","","","","","","","","","","",""
SGSGK,"","","","","","","","","","","","","","","","","","","","","","","","","","","",""
SSSSR,"","","","","","","","","","","","","","","","","","","","","","","","","","","",""
SYPLR,"","","","","","","","","","","","","","","","","","","","","","","","","","","",""
TEASR,"","","","","","","","","","","","","","","","","","","","","","","","","","","",""
THPPK,"","","","","","","","","","","","","","","","","","","","","","","","","","","",""
TLATTLR,"","","","","","","","","","","","","","","","","","","","","","","","","","","",""
TYGSK,"","","","","","","","","","","","","","","","","","","","","","","","","","","",""
YEAGK,"","","","","","","","","","","","","","","","","","","","","","","","","","","",""
RLAVRPR,"","","","","","","","","","","","","","","","","","","","","","","","","","","",""
FEMGKR,"","","","","","","","","","","","","","","","","","","","","","","","","","","",""
KEHNYR,"","","","","","","","","","","","","","","","","","","","","","","","","","","",""
KRHGEFR,"","","","","","","","","","","","","","","","","","","","","","","","","","","",""
KWVYWK,"","","","","","","","","","","","","","","","","","","","","","","","","","","",""
KRTAAPDR,"","","","","","","","","","","","","","","","","","","","","","","","","","","",""
AMGPRR,"","","","","","","","","","","","","","","","","","","","","","","","","","","",""
YGPWRR,"","","","","","","","","","","","","","","","","","","","","","","","","","","",""
REAFYR,"","","","","","","","","","","","","","","","","","","","","","","","","","","",""
REWGYLR,"","","","","","","","","","","","","","","","","","","","","","","","","","","",""
KERAASGR,"","","","","","","","","","","","","","","","","","","","","","","","","","","",""
KRFGVFR,"","","","","","","","","","","","","","","","","","","","","","","","","","","",""
KEFGYR,"","","","","","","","","","","","","","","","","","","","","","","","","","","",""
AGYHKK,"","","","","","","","","","","","","","","","","","","","","","","","","","","",""
FRHDPDK,"","","","","","","","","","","","","","","","","","","","","","","","","","","",""
QWAGRR,"","","","","","","","","","","","","","","","","","","","","","","","","","","",""
FRVVPPK,"","","","","","","","","","","","","","","","","","","","","","","","","","","",""
SYPFRR,"","","","","","","","","","","","","","","","","","","","","","","","","","","",""
KWPSPPR,"","","","","","","","","","","","","","","","","","","","","","","","","","","",""
KEWNLR,"","","","","","","","","","","","","","","","","","","","","","","","","","","",""
KLGTPK,"","","","","","","","","","","","","","","","","","","","","","","","","","","",""
KHPEPLR,"","","","","","","","","","","","","","","","","","","","","","","","","","","",""
KYHPWR,"","","","","","","","","","","","","","","","","","","","","","","","","","","",""
ADTEPRR,"","","","","","","","","","","","","","","","","","","","","","","","","","","",""
KLWGRPR,"","","","","","","","","","","","","","","","","","","","","","","","","","","",""
RHLTTR,"","","","","","","","","","","","","","","","","","","","","","","","","","","",""
KSSDGPK,"","","","","","","","","","","","","","","","","","","","","","","","","","","",""
KLTATMR,"","","","","","","","","","","","","","","","","","","","","","","","","","","",""
RLYGVMR,"","","","","","","","","","","","","","","","","","","","","","","","","","","",""
LRLGNKPR,"","","","","","","","","","","","","","","","","","","","","","","","","","","",""
KHEEPR,"","","","","","","","","","","","","","","","","","","","","","","","","","","",""
SYVVKK,"","","","","","","","","","","","","","","","","","","","","","","","","","","",""
KKEGQLR,"","","","","","","","","","","","","","","","","","","","","","","","","","","",""
KLWGEPR,"","","","","","","","","","","","","","","","","","","","","","","","","","","",""
RGGVGQLR,"","","","","","","","","","","","","","","","","","","","","","","","","","","",""
RALHLR,"","","","","","","","","","","","","","","","","","","","","","","","","","","",""
ALHLRR,"","","","","","","","","","","","","","","","","","","","","","","","","","","",""
ALTSKK,"","","","","","","","","","","","","","","","","","","","","","","","","","","",""
DAAQAPR,Bacteria,"","","","","","","","","","","","","","","","","","","","","","","","","","",""
GAFQVLR,Bacteria,"","","","","","","","","","","","","","","","","","","","","","","","","","",""
VWLSVPR,Bacteria,"","","","","","","","","","","","","","","","","","","","","","","","","","",""
YEFAWR,Bacteria,"","","","","","","","","","","","","","","","","","","","","","","","","","",""
DEVSRPK,Bacteria,"","","","","","","","","","","","","","","","","","","","","","","","","","",""
SAMRPPR,Bacteria,"","","","","","","","","","","","","","","","","","","","","","","","","","",""
HFTSEYK,Bacteria,"","","","","","","","","","","","","","","","","","","","","","","","","","",""
KEDWRPK,Bacteria,"","","","","","","","","","","","","","","","","","","","","","","","","","",""
LFFAHRR,Bacteria,"","","","","","","","","","","","","","","","","","","","","","","","","","",""
DGGDGGGGGK,Eukaryota,"","","","","","",Pelagophyceae,"","","",Pelagomonadales,"","","","","","","","",Aureococcus,"","","",Aureococcus anophagefferens,"","",""
FETTPLR,Archaea,"","","",Euryarchaeota,"","",Methanobacteria,"","","",Methanobacteriales,"","","","",Methanobacteriaceae,"","","",Methanobrevibacter,"","","","","","",""
FWGQAK,Bacteria,"","","",Firmicutes,"","",Bacilli,"","","",Lactobacillales,"","","","",Lactobacillaceae,"","","",Lactobacillus,"","","",Lactobacillus thailandensis,"","",""
GAHEPPR,Bacteria,"","","",Proteobacteria,"","",Betaproteobacteria,"","","",Burkholderiales,"","","","","","","","","","","","","","","",""
GAWWWK,Bacteria,"","","",Actinobacteria,"","",Actinobacteria,"","","","","","","","","","","","","","","","","","","",""
GDSDDDK,Eukaryota,Fungi,Dikarya,"",Ascomycota,Pezizomycotina,"","","","","","","","","","","","","","","","","","","","","",""
GGGDGGDGK,Eukaryota,Viridiplantae,"","",Streptophyta,"","",Liliopsida,commelinids,"","",Poales,"","","","",Poaceae,Oryzoideae,Oryzeae,Oryzinae,Oryza,"","","",Oryza meridionalis,"","",""
GGGGGGGDDK,Eukaryota,"","","",Bacillariophyta,"","",Coscinodiscophyceae,"","","",Thalassiosirales,"","","","",Thalassiosiraceae,"","","",Thalassiosira,"","","",Thalassiosira oceanica,"","",""
GGNGNDGK,Eukaryota,Metazoa,"","",Arthropoda,"",Hexapoda,Insecta,Neoptera,Endopterygota,"",Coleoptera,Polyphaga,Cucujiformia,"",Tenebrionoidea,Tenebrionidae,"","","",Tribolium,"","","",Tribolium castaneum,"","",""
GYDPPK,Eukaryota,"","","","","","","","","","","","","","","","","","","","","","","","","","",""
FLPWWK,Eukaryota,"","","","","","","","","","","","","","","","","","","","","","","","","","",""
GAWHPR,Eukaryota,"","","","","","","","","","","","","","","","","","","","","","","","","","",""
NNAAGPK,Eukaryota,"","","","","","","","","","","","","","","","","","","","","","","","","","",""
PEEPR,Eukaryota,"","","","","","","","","","","","","","","","","","","","","","","","","","",""
GAWNKK,Eukaryota,"","","","","","","","","","","","","","","","","","","","","","","","","","",""
GVWKPRR,Eukaryota,"","","","","","","","","","","","","","","","","","","","","","","","","","",""
KEHTEQR,Eukaryota,"","","","","","","","","","","","","","","","","","","","","","","","","","",""
KGSTPHK,Eukaryota,"","","","","","","","","","","","","","","","","","","","","","","","","","",""
GVPKPRR,Eukaryota,"","","","","","","","","","","","","","","","","","","","","","","","","","",""
HGLVHPR,Bacteria,"","","",Actinobacteria,"","",Actinobacteria,"","","",Streptomycetales,"","","","",Streptomycetaceae,"","","",Streptomyces,"","","","","","",""
LEWEFFR,Bacteria,"","","",Firmicutes,"","",Bacilli,"","","",Bacillales,"","","","",Bacillaceae,"","","",Bacillus,"",Bacillus cereus group,"","","","",""
LWMAGPK,Eukaryota,Fungi,Dikarya,"",Ascomycota,Pezizomycotina,"",Sordariomycetes,Hypocreomycetidae,"","","","","","","","","","","","","","","","","","",""
LWVLSLR,Eukaryota,Viridiplantae,"","",Streptophyta,"","",Liliopsida,commelinids,"","",Poales,"","","","",Poaceae,Oryzoideae,Oryzeae,Oryzinae,Oryza,"","","",Oryza punctata,"","",""
MEPVPLR,Eukaryota,"","","","","","",Oomycetes,"","","",Peronosporales,"","","","","","","","","","","","","","","",""
MHPWER,Eukaryota,Viridiplantae,"","",Streptophyta,"","","","","","","","","","","","","","","","","","","","","","",""
QEGWRPR,Eukaryota,Metazoa,"","","","","","","","","","","","","","","","","","","","","","","","","",""
PLHPR,Eukaryota,Metazoa,"","","","","","","","","","","","","","","","","","","","","","","","","",""
QLLPHLPPR,Bacteria,"","","",Proteobacteria,"","",Gammaproteobacteria,"","","",Pseudomonadales,"","","","",Pseudomonadaceae,"","","",Pseudomonas,"",Pseudomonas aeruginosa group,"",Pseudomonas mendocina,"","",""
TEVGPLK,Eukaryota,Fungi,Dikarya,"",Ascomycota,Pezizomycotina,"",Sordariomycetes,Sordariomycetidae,"","",Sordariales,"","","","",Sordariaceae,"","","",Neurospora,"","","","","","",""
TWAGPK,Bacteria,"","","",Proteobacteria,"","",Gammaproteobacteria,"","","",Legionellales,"","","","",Coxiellaceae,"","","","","","","","","","",""
TYPEPVR,Bacteria,"","","",Actinobacteria,"","",Actinobacteria,"","","",Streptomycetales,"","","","",Streptomycetaceae,"","","",Streptomyces,"","","",Streptomyces acidiscabies,"","",""
WPMAPK,Eukaryota,Metazoa,"","",Chordata,Craniata,"","","","","","","","","","","","","","","","","","","","","",""
GAHFTLR,Eukaryota,Metazoa,"","",Chordata,Craniata,"","","","","","","","","","","","","","","","","","","","","",""
KWTSPPK,Eukaryota,Metazoa,"","",Chordata,Craniata,"","","","","","","","","","","","","","","","","","","","","",""
YPDPLPK,Eukaryota,"","","","","","","","","","",Perkinsida,"","","","",Perkinsidae,"","","",Perkinsus,"","","",Perkinsus marinus,"","",""
AGWRPFR,Eukaryota,Fungi,Dikarya,"",Ascomycota,Pezizomycotina,"",Eurotiomycetes,Chaetothyriomycetidae,"","",Chaetothyriales,"","","","",Herpotrichiellaceae,"","","",Exophiala,"","","",Exophiala xenobiotica,"","",""
DGGGDDGK,Eukaryota,Fungi,Dikarya,"",Ascomycota,Pezizomycotina,"",Dothideomycetes,Pleosporomycetidae,"","",Pleosporales,Pleosporineae,"","","",Pleosporaceae,"","","",Pyrenophora,"","","",Pyrenophora teres,"","",Pyrenophora teres f. teres
DWFFPK,Eukaryota,Fungi,"","","","","","","","","","","","","","","","","","","","","","","","","",""
GAWTTPK,Bacteria,"","","",Actinobacteria,"","",Actinobacteria,"","","",Corynebacteriales,"","","","",Gordoniaceae,"","","",Gordonia,"","","",Gordonia alkanivorans,"","",""
GGWLTPR,Bacteria,"","","",Candidatus Acetothermia,"","","","","","","","","","","","","","","","","","","","","","",""
GGYHLPK,Eukaryota,Metazoa,"","",Nematoda,"","",Chromadorea,"","","",Diplogasterida,"","","","",Neodiplogasteridae,"","","",Pristionchus,"","","",Pristionchus pacificus,"","",""
GVKPPGK,Eukaryota,Viridiplantae,"","",Chlorophyta,"","",Mamiellophyceae,"","","",Mamiellales,"","","","",Mamiellaceae,"","","",Micromonas,"","","",Micromonas commoda,"","",""
GVWMPK,Bacteria,"","","",Proteobacteria,"","",Betaproteobacteria,"","","",Nitrosomonadales,"","","","",Nitrosomonadaceae,"","","",Nitrosomonas,"","","",Nitrosomonas europaea,"","",""
GWHAAPK,Bacteria,"","","",Deinococcus-Thermus,"","",Deinococci,"","","",Thermales,"","","","",Thermaceae,"","","",Thermus,"","","",Thermus aquaticus,"","",""
MLLELVPR,Eukaryota,Metazoa,"","",Nematoda,"","",Enoplea,Dorylaimia,"","",Trichocephalida,"","","","",Trichuridae,"","","",Trichuris,"","","",Trichuris trichiura,"","",""
SHTHPR,Eukaryota,Fungi,Dikarya,"",Ascomycota,"","","","","","","","","","","","","","","","","","","","","","",""
AGWGEAK,Eukaryota,Fungi,Dikarya,"",Ascomycota,Pezizomycotina,"",Eurotiomycetes,Chaetothyriomycetidae,"","",Chaetothyriales,"","","","",Herpotrichiellaceae,"","","",Capronia,"","","",Capronia semi-immersa,"","",""
EGTYPLR,Bacteria,"","","",Actinobacteria,"","",Actinobacteria,"","","",Micrococcales,"","","","",Micrococcaceae,"","","",Sinomonas,"","","",Sinomonas humi,"","",""
EYEWPK,Eukaryota,Viridiplantae,"","",Streptophyta,"","","",rosids,"","",Vitales,"","","","",Vitaceae,"","","",Vitis,"","","",Vitis vinifera,"","",""
GAYMPR,Eukaryota,"","","",Apicomplexa,"","",Coccidia,"","","",Eucoccidiorida,Eimeriorina,"","","",Eimeriidae,"","","",Eimeria,"","","","","","",""
LKLGPLPRR,Bacteria,"","","",Proteobacteria,delta/epsilon subdivisions,"",Deltaproteobacteria,"","","",Myxococcales,Sorangiineae,"","","",Polyangiaceae,"","","",Sorangium,"","","",Sorangium cellulosum,"","",""
LEAVKEGK,Bacteria,"","","",Firmicutes,"","",Clostridia,"","","",Clostridiales,"","","","",Clostridiaceae,"","","",Clostridium,"","","","","","",""
KHWFELR,Eukaryota,Fungi,Dikarya,"",Ascomycota,Pezizomycotina,"",Eurotiomycetes,Eurotiomycetidae,"","",Eurotiales,"","","","",Trichocomaceae,"","","",Talaromyces,"","","",Talaromyces marneffei,"","",""
RGFGVPPK,Eukaryota,"","","","","","",Oomycetes,"","","",Saprolegniales,"","","","",Saprolegniaceae,"","","",Aphanomyces,"","","",Aphanomyces astaci,"","",""
KWWVQLR,Eukaryota,Viridiplantae,"","",Streptophyta,"","",Bryopsida,Funariidae,"","",Funariales,"","","","",Funariaceae,"","","",Physcomitrella,"","","",Physcomitrella patens,"","",""
FEPRPRR,Bacteria,"","","",Proteobacteria,"","",Alphaproteobacteria,"","","",Rhizobiales,"","","","",Rhizobiaceae,"","","",Rhizobium,"","","","","","",""
GEVPAKKK,Eukaryota,"","","","","","","","","","","","","","","","","","","",Blastocystis,"","","",Blastocystis hominis,"","",""
KRDMKPK,Viruses,"","","","","","","","","","","","","","","","","","","","","","","",Pandoravirus inopinatum,"","",""
LHVFKVK,Bacteria,"","","",Firmicutes,"","",Bacilli,"","","",Lactobacillales,"","","","",Leuconostocaceae,"","","",Weissella,"","","",Weissella cibaria,"","",""
KEKSPEPK,Eukaryota,"","","","","","","","","","",Longamoebia,"","","","","","","","",Acanthamoeba,"","","",Acanthamoeba castellanii,"","",""
LWLVRSK,Eukaryota,Viridiplantae,"","",Streptophyta,"","","",rosids,"","",Fabales,"","","","",Fabaceae,Papilionoideae,Loteae,"",Lotus,"","","",Lotus japonicus,"","",""
KRSFGPPR,Eukaryota,Fungi,Dikarya,"",Ascomycota,Pezizomycotina,"",Sordariomycetes,Hypocreomycetidae,"","",Hypocreales,"","","","",Clavicipitaceae,"","","",Metarhizium,"","","",Metarhizium album,"","",""
LTETEKLK,Archaea,"","","",Thaumarchaeota,"","",Nitrososphaeria,"","","",Nitrososphaerales,"","","","",Nitrososphaeraceae,"","","",Nitrososphaera,"","","",Candidatus Nitrososphaera evergladensis,"","",""
MLKHALLK,Bacteria,"","","",Bacteroidetes,"","","","","","","","","","","","","","","","","","","","","","",""
GELTKHR,Bacteria,"","","",Bacteroidetes,"","",Bacteroidia,"","","",Bacteroidales,"","","","",Bacteroidaceae,"","","",Bacteroides,"","","","","","",""
KWFGGPR,Bacteria,"","","",Actinobacteria,"","",Actinobacteria,"","","",Pseudonocardiales,"","","","",Pseudonocardiaceae,"","","",Alloactinosynnema,"","","","","","",""
GRPKSGGLK,Bacteria,"","","",Proteobacteria,"","",Alphaproteobacteria,"","","",Rhizobiales,"","","","",Hyphomicrobiaceae,"","","",Hyphomicrobium,"","","",Hyphomicrobium nitrativorans,"","",""
KLLRYNDPRK,Bacteria,"","","",Proteobacteria,"","",Gammaproteobacteria,"","","","","","","","","","","","","","","","","","","",""
LADLKAQK,Eukaryota,Viridiplantae,"","",Streptophyta,"","",Liliopsida,commelinids,"","",Poales,"","","","",Poaceae,"","","","","","","","","","",""
