"peptide	superkingdom	kingdom	subkingdom	superphylum	phylum	subphylum	superclass	class_	subclass	infraclass	superorder	order	suborder	infraorder	parvorder	superfamily	family	subfamily	tribe	subtribe	genus	subgenus	species_group	species_subgroup	species	subspecies	varietas	forma"
"AAAAHHAR	Bacteria				Proteobacteria			Alphaproteobacteria				Rhizobiales					Hyphomicrobiaceae				Pelagibacterium				Pelagibacterium halotolerans			"
"AAAEER																												"
"AAAGPR																												"
"AAALPPK																												"
"AAASNDK																												"
"AAEPR																												"
"AAGSGHK																												"
"AAGSR																												"
"AALSR																												"
"AANLGSLR																												"
"AAQCK																												"
"AASEGDLK																												"
"ACLPNVK																												"
"ACVEPK																												"
"ADMAHK																												"
"ADTPLEK																												"
"ADVPAK																												"
"AEPGK																												"
"AFGLPR																												"
"AGGPR																												"
"AGSCK																												"
"AGSDR																												"
"AGSELR																												"
"AHELTPR																												"
"AHGHR																												"
"AHPSHK																												"
"AHRPR																												"
"ALCNK																												"
"ALSHK																												"
"ALVAHR																												"
"ALVEGYLR																												"
"AMAHK																												"
"AMTAHK																												"
"ANSSHK																												"
"APCNK																												"
"APDYK																												"
"APFSHK																												"
"APGGVPK																												"
"APPEHR																												"
"APSHK																												"
"AQETR																												"
"ASGCHR																												"
"ASGSGHK																												"
"ASNPK																												"
"ASPCLR																												"
"ASTGSHK																												"
"ATDVPK																												"
"ATHHK																												"
"ATHSR																												"
"ATMDPK																												"
"ATNPAHK																												"
"ATYPR																												"
"AVAQAPK																												"
"AVGYK																												"
"AVVESFK																												"
"AVVHCK																												"
"AVWAR																												"
"AYPDHK																												"
"CDDLK																												"
"CDLLPK																												"
"CGDVPK																												"
"CGVLALR																												"
"CHCAR																												"
"CLLFR																												"
"CLSDK																												"
"CMPLCR																												"
"CNGNPK																												"
"CNWPK																												"
"CPYPR																												"
"CQGLLR																												"
"CSNPK																												"
"CSSQAR																												"
"CTAPR																												"
"CVESEK																												"
"DALAK																												"
"DASSPNK																												"
"DDPGNK																												"
"DDPLR																												"
"DFASLPR																												"
"DGAATLR																												"
"DGENK																												"
"DGGAAK																												"
"DGLALR																												"
"DGNLPK																												"
"DGSLPR																												"
"DGSPR																												"
"DHAEK																												"
"DHAPR																												"
"DLPGNK																												"
"DLSPR																												"
"DMAHK																												"
"DMLHK																												"
"DMQPR																												"
"DMTETR																												"
"DMVAR																												"
"DPLAK																												"
"DSHLLHK																												"
"DTLTR																												"
"DVAVLR																												"
"DVLNK																												"
"DVPTK																												"
"DVSEK																												"
"DVVPTK																												"
"DYCLHK																												"
"EAALR																												"
"EASACR																												"
"ECTPR																												"
"EDAFK																												"
"EDCHK																												"
"EEETR																												"
"EELCR																												"
"EFAHK																												"
"EFGSHR																												"
"EFSLPK																												"
"EGHSPK																												"
"EHVDEK																												"
"ELEEK																												"
"ELYAHK																												"
"ENLTTR																												"
"ENTLR																												"
"EPVLPK																												"
"EQSWLR																												"
"ESEAR																												"
"EVAGENK																												"
"EVVCALK																												"
"FAHCK																												"
"FDHSK																												"
"FDPLR																												"
"FDVFPK																												"
"FGEHK																												"
"FNAAPK																												"
"FSTTR																												"
"GAMVGPR																												"
"GANCR																												"
"GASTNAR																												"
"GEETR																												"
"GGGPLR																												"
"GGPTK																												"
"GGYAELK																												"
"GHEYK																												"
"GHGPR																												"
"GHSCK																												"
"GHSVLPK																												"
"GLCPR																												"
"GLGMK																												"
"GLGPR																												"
"GLHPR																												"
"GMLPK																												"
"GMMNK																												"
"GNSHSR																												"
"GPAGVR																												"
"GPLTLPK																												"
"GPLTR																												"
"GPLVER																												"
"GPNAR																												"
"GPVPSPR																												"
"GQTLLPK																												"
"GSCSK																												"
"GSDNK																												"
"GSELK																												"
"GSFVVVR																												"
"GSGMK																												"
"GSGVNLR																												"
"GSLCNK																												"
"GSSPR																												"
"GSTCHK																												"
"GTGPR																												"
"GTPTR																												"
"GTVFK																												"
"GVANR																												"
"GVSER																												"
"GWDPR																												"
"GYAAHR																												"
"GYGHDK																												"
"GYPLR																												"
"HALGGK																												"
"HANLPK																												"
"HETTR																												"
"HGGDVPK																												"
"HGGLR																												"
"HLAPK																												"
"HLDNTLR																												"
"HNEPLK																												"
"HNGSFK																												"
"HNLPK																												"
"HPGNK																												"
"HPSPER																												"
"HSSSGNK																												"
"HTAEHK																												"
"HTAGPR																												"
"KPALDPR																												"
"LAWENK																												"
"LCAHK																												"
"LDTLCR																												"
"LDVHR																												"
"LGDGQLPK																												"
"LGPNLPK																												"
"LHHVK																												"
"LLCGNK																												"
"LLNSTTR																												"
"LLVTMK																												"
"LNGGK																												"
"LPAHK																												"
"LPEGNK																												"
"LPEHK																												"
"LPGVHK																												"
"LSAAANK																												"
"LSAAHK																												"
"LSELPK																												"
"LSGQGLR																												"
"LSPSNPK																												"
"LTQAHK																												"
"LTVGANK																												"
"LVLVVR																												"
"MAADLLK																												"
"MAAGPGR																												"
"MAAGPVR																												"
"MAGGAPR																												"
"MEDPPK																												"
"MGDVPR																												"
"MGFPR																												"
"MLPGNK																												"
"MMELR																												"
"MPTYK																												"
"MSCLR																												"
"MSEPPK																												"
"MSTTR																												"
"MTETR																												"
"MTTAHK																												"
"MVCDHK																												"
"MVSHK																												"
"MVSVHCK																												"
"MVVMK																												"
"NADLR																												"
"NAFSHK																												"
"NAHEK																												"
"NDGTNAR																												"
"NEAFR																												"
"NELVAHK																												"
"NHPVR																												"
"NHVHGK																												"
"NLACFK																												"
"NNQWNK																												"
"NNSPK																												"
"NPPGPR																												"
"NQMDK																												"
"NTPNK																												"
"QGNVPK																												"
"QGVPPR																												"
"QHGPR																												"
"QLACFK																												"
"QLPHPR																												"
"QSGNK																												"
"QSPNK																												"
"RPAMR																												"
"SAGNSAR																												"
"SALANGK																												"
"SALEPK																												"
"SAVQHR																												"
"SCSSHK																												"
"SDFVPR																												"
"SEAEVSR																												"
"SEALVR																												"
"SEMHK																												"
"SFGNPK																												"
"SGSDVPR																												"
"SGSSTK																												"
"SHGAHR																												"
"SHGSHK																												"
"SHMMK																												"
"SLAQPK																												"
"SLLLHK																												"
"SLVEEK																												"
"SPAPHK																												"
"SPEDK																												"
"SPHPAPR																												"
"SPLTTR																												"
"SPPFK																												"
"SQEPR																												"
"SSAAPK																												"
"SSAPVPK																												"
"SSAVPK																												"
"SSTTR																												"
"SSVPK																												"
"STGLR																												"
"STPAR																												"
"STPVDK																												"
"SVYTPK																												"
"SYGHSR																												"
"TATSGK																												"
"TAYRPK																												"
"TCAHK																												"
"TCLPLK																												"
"TDAAPK																												"
"TDAPTR																												"
"TDDPR																												"
"TDESHK																												"
"TDGTNAR																												"
"TDLALR																												"
"TELALR																												"
"TEPEK																												"
"TFGGVPK																												"
"TGNPK																												"
"TGSVHR																												"
"TLCAHK																												"
"TLHGPR																												"
"TMMLPK																												"
"TMSTVR																												"
"TMVVR																												"
"TSAYNK																												"
"TSPMR																												"
"TSTTR																												"
"TTCLPR																												"
"TTGLR																												"
"TTGSHK																												"
"TTSSHK																												"
"TVAPR																												"
"TVDPLK																												"
"TVEDPR																												"
"TYSPR																												"
"TYVGPR																												"
"VADAPEK																												"
"VAVAHK																												"
"VDCSSR																												"
"VEDELK																												"
"VEETR																												"
"VEVPK																												"
"VFCLR																												"
"VGDTVPK																												"
"VGEYK																												"
"VGLPFK																												"
"VLACFK																												"
"VLCGK																												"
"VLFAR																												"
"VLGQCR																												"
"VLTTR																												"
"VMSPNK																												"
"VMYPEK																												"
"VNPPK																												"
"VNTPEK																												"
"VPLHGK																												"
"VPSHK																												"
"VPSVSR																												"
"VQDVPK																												"
"VQQSGNK																												"
"VSDPALK																												"
"VSVALER																												"
"VTEETR																												"
"VTFGK																												"
"VTPLPK																												"
"VVLLHK																												"
"VVVCR																												"
"VYVGMR																												"
"WCANK																												"
"WDVDDK																												"
"WEVTPK																												"
"WNAPK																												"
"YDATHR																												"
"YDVPK																												"
"YGALLPK																												"
"YLTTHK																												"
"YMLPGR																												"
"YNEALVR																												"
"YSLPK																												"
"AAAVMK																												"
"AACSR																												"
"AAETAEK																												"
"AAGLPR																												"
"AAGNK																												"
"AAGSHK																												"
"AAGVR																												"
"AAHGQAR																												"
"AALAK																												"
"AANHK																												"
"AANPAR																												"
"AASEDK																												"
"ACDANK																												"
"ACTHGK																												"
"ADHALK																												"
"AEFAPR																												"
"AELFGK																												"
"AFGVVDK																												"
"AGELLK																												"
"AGLVTVR																												"
"AGMANGK																												"
"AGSDLLK																												"
"ALCHFPR																												"
"ALGHLAK																												"
"ALPGMR																												"
"AMDSHK																												"
"ANLPAMR																												"
"ANPDK																												"
"ANPPGK																												"
"APALESR																												"
"APANK																												"
"APAPK																												"
"APDVLNK																												"
"APGGK																												"
"APVNK																												"
"APVNVK																												"
"APVPQPK																												"
"AQATYK																												"
"ASDLLK																												"
"ASGDNK																												"
"ASNQR																												"
"ASTDK																												"
"ASYCSK																												"
"ATCNK																												"
"CAFSPK																												"
"CALPGK																												"
"CANPK																												"
"CEAHSAR																												"
"CELFR																												"
"CETHK																												"
"CGPEK																												"
"CGTNPK																												"
"CHAHK																												"
"CHGHK																												"
"CHPHR																												"
"CLTVK																												"
"CMLPR																												"
"CNAPR																												"
"CSANCR																												"
"CSDPR																												"
"CSEVR																												"
"CTLNPK																												"
"CVAGK																												"
"CVALVEK																												"
"CVLALK																												"
"CYLPGK																												"
"CYPAR																												"
"DANSR																												"
"DASHTR																												"
"DFVPGR																												"
"DGEAPK																												"
"DGFHR																												"
"DGTNAR																												"
"DGTVPR																												"
"DHSSHK																												"
"DHTVPR																												"
"DLGLVR																												"
"DLPVVTR																												"
"DLSHLMR																												"
"DLVVR																												"
"DMPATR																												"
"DPGER																												"
"DPHGR																												"
"DPMNK																												"
"DQNSGNK																												"
"DRPLCR																												"
"DSENGPK																												"
"DSSHK																												"
"DSSLPK																												"
"DTEPLK																												"
"DYVLALR																												"
"DYVTPK																												"
"EAMHK																												"
"EANLR																												"
"EASDR																												"
"EAVAHK																												"
"EAVVR																												"
"EDTLER																												"
"EEGER																												"
"EGTGR																												"
"EGWYK																												"
"ELEAVELK																												"
"ELTGNK																												"
"ENMTR																												"
"ESCVR																												"
"ESTQSSR																												"
"ESTTHR																												"
"ETPVMK																												"
"ETQFK																												"
"FDSHK																												"
"FGSGPNK																												"
"FQELLK																												"
"FSPPK																												"
"FTANAR																												"
"FTVNK																												"
"FVMVPK																												"
"FVSGGK																												"
"GAATLR																												"
"GAHAR																												"
"GAPNGR																												"
"GASCK																												"
"GCEVPK																												"
"GFLVEK																												"
"GFTGSPR																												"
"GGTCK																												"
"GGTYPLK																												"
"GHDFK																												"
"GHGSHK																												"
"GHLHK																												"
"GMAVPR																												"
"GMEGHK																												"
"GMELLK																												"
"GMLHDK																												"
"GMTPK																												"
"GNLLVK																												"
"GNLPEK																												"
"GPAANGK																												"
"GPGDPR																												"
"GPQAHK																												"
"GPSAR																												"
"GPSPPK																												"
"GPSSEK																												"
"GPWYK																												"
"GPYLALR																												"
"GQTDK																												"
"GSCFK																												"
"GSGTCK																												"
"GSTVPLK																												"
"GTDVPK																												"
"GTLANK																												"
"GTNPK																												"
"GTTALPR																												"
"GVSNK																												"
"GYHSR																												"
"HACHR																												"
"HAMAHK																												"
"HASHTR																												"
"HATHK																												"
"HGMVPR																												"
"HLGLR																												"
"HLPSGPR																												"
"HSTGNK																												"
"HVTTEK																												"
"HVVSVR																												"
"KPVESR																												"
"LAAHMK																												"
"LAGNPK																												"
"LAQNK																												"
"LATGFGR																												"
"LAWAR																												"
"LCAGNK																												"
"LDPVHK																												"
"LGNDPK																												"
"LHNPVK																												"
"LMGSALR																												"
"LMQPK																												"
"LMVYK																												"
"LNTTPK																												"
"LPACHR																												"
"LPLMHK																												"
"LQAPK																												"
"LQVSTR																												"
"LSFDPNR																												"
"LSHAHR																												"
"LSHGK																												"
"LSTGLPR																												"
"LTASVNK																												"
"LTCNK																												"
"LTLMK																												"
"LTTANK																												"
"LVAGEK																												"
"LVAHR																												"
"LYGPNK																												"
"MAEDLK																												"
"MAEVNR																												"
"MAVCNK																												"
"MAVNPK																												"
"MGVLNK																												"
"MLGNGK																												"
"MMQNK																												"
"MPDVPLK																												"
"MPQAR																												"
"MSAHK																												"
"MSGGPLR																												"
"MSLGPK																												"
"MSTKPLK																												"
"MTDPR																												"
"MTLGPK																												"
"MTLPVK																												"
"MTPPK																												"
"MTSELLK																												"
"MVYPSR																												"
"NACPR																												"
"NADTR																												"
"NAGSR																												"
"NAGTR																												"
"NAMGNK																												"
"NDGLPK																												"
"NDVER																												"
"NEGFCK																												"
"NEGPLR																												"
"NLTHR																												"
"NMASYK																												"
"NPPCLR																												"
"NPTEHR																												"
"NQESPR																												"
"NSDNK																												"
"NSGTTR																												"
"NVDALR																												"
"NVHSHK																												"
"NVPGNK																												"
"QAGLPR																												"
"QAHTR																												"
"QANLLLK																												"
"QGTALK																												"
"QLCTTLR																												"
"QNGFPK																												"
"QNTNGK																												"
"QQLLFR																												"
"QQSCK																												"
"RPGDNK																												"
"SAAEER																												"
"SAQNR																												"
"SAVQLLR																												"
"SEDLNR																												"
"SETGVR																												"
"SGGAPK																												"
"SGMNPK																												"
"SGPGNK																												"
"SGTEHK																												"
"SGTFVHK																												"
"SLGFNHR																												"
"SLLLK																												"
"SLPVHK																												"
"SMADPR																												"
"SMDPLK																												"
"SMLHDK																												"
"SPDAPPR																												"
"SPESR																												"
"SPSGHK																												"
"SSGLLR																												"
"SSNLK																												"
"SSPGGK																												"
"STGLPK																												"
"STGSHR																												"
"STSAVPK																												"
"SVAGK																												"
"SVDSNSR																												"
"SVGPNK																												"
"SVHHPR																												"
"SVSLPGK																												"
"SVVDK																												"
"TAACTR																												"
"TALDK																												"
"TAPAANK																												"
"TAPAQR																												"
"TAPDR																												"
"TATLAPR																												"
"TAVER																												"
"TCAPLK																												"
"TCHCR																												"
"TCSLPK																												"
"TDHCK																												"
"TDSVLK																												"
"TEALPK																												"
"TETER																												"
"TFGSHK																												"
"TGHPR																												"
"TGTTAPK																												"
"THGHR																												"
"TLSSVR																												"
"TMAAR																												"
"TNAAEK																												"
"TNGDLK																												"
"TNQLR																												"
"TNSAHK																												"
"TPAAK																												"
"TPDLR																												"
"TPHDK																												"
"TPVPK																												"
"TPVSTR																												"
"TQVAR																												"
"TSAVDPK																												"
"TSLFR																												"
"TSNAPK																												"
"TTGPNK																												"
"TVDLTR																												"
"TVSVR																												"
"VCLLVK																												"
"VDCGLER																												"
"VELGPK																												"
"VFQGPR																												"
"VFSMAR																												"
"VGFDK																												"
"VGPVGK																												"
"VGTGNK																												"
"VLMDPVR																												"
"VMAMHK																												"
"VPGQCR																												"
"VPHTPK																												"
"VPLPTR																												"
"VPNSHR																												"
"VPQSK																												"
"VPSLMK																												"
"VQVAR																												"
"VSAPNK																												"
"VSDFR																												"
"VSSLALR																												"
"VTDPLK																												"
"VTMPLK																												"
"VTTPNK																												"
"VVCHK																												"
"VVDGGGK																												"
"VVLDSYK																												"
"VVSVDEK																												"
"VYTVPK																												"
"YAESNR																												"
"YAHAR																												"
"YASHK																												"
"YAVARPK																												"
"YEPPK																												"
"YGDHK																												"
"YGSDLK																												"
"YGSHK																												"
"YLTCR																												"
"YNGAR																												"
"YVCFK																												"
"YVHCK																												"
"AGHDFK																												"
"APAGPR																												"
"APGTHK																												"
"ATSPER																												"
"AVHAR																												"
"CCLGPR																												"
"DASLAPK																												"
"DSPNEK																												"
"EAPEK																												"
"ESCCK																												"
"FQSHK																												"
"FSANLR																												"
"GFVVR																												"
"GGCFYK																												"
"GGPLK																												"
"HCAHK																												"
"LDNLPK																												"
"LLNSDNK																												"
"LMTETR																												"
"LPAVNK																												"
"MCAPVK																												"
"MCATHK																												"
"MNATPGR																												"
"NLSTNK																												"
"NPNKPLK																												"
"NTVPGK																												"
"QCGHTR																												"
"QTEHK																												"
"SAAPK																												"
"SGPTHK																												"
"SLWSR																												"
"STTMDK																												"
"TCFHK																												"
"TGPGLFR																												"
"TGVNK																												"
"TLSAPR																												"
"VNNHSR																												"
"VPPFK																												"
"VTTVEK																												"
"YNLPGK																												"
"ACTAPK	Eukaryota																											"
"GVTLMPK	Eukaryota																											"
"HETTHK	Eukaryota																											"
"LTTDNPK	Eukaryota																											"
"SFSGVPR	Eukaryota																											"
"SNSGLPK	Eukaryota																											"
"SSSLCNK	Eukaryota																											"
"TCGPPK	Eukaryota																											"
"THNMFK	Eukaryota																											"
"TSVELPR	Eukaryota																											"
"VFEQAPK	Eukaryota																											"
"VGPNDPK	Eukaryota																											"
"AVHCNK	Eukaryota																											"
"CANTTR	Eukaryota																											"
"CSSPNK	Eukaryota																											"
"EATSPAR	Eukaryota																											"
"GLTYPLK	Eukaryota																											"
"HHAGNK	Eukaryota																											"
"HSASHK	Eukaryota																											"
"KPVGPPR	Eukaryota																											"
"LTTAGNK	Eukaryota																											"
"NAGPTFR	Eukaryota																											"
"NAQVNLR	Eukaryota																											"
"SASMGPR	Eukaryota																											"
"SESNHK	Eukaryota																											"
"SMLCTK	Eukaryota																											"
"SNSDALR	Eukaryota																											"
"SSGAATK	Eukaryota																											"
"VLATPPK	Eukaryota																											"
"AETLWPK	Eukaryota	Metazoa			Arthropoda		Hexapoda	Insecta	Neoptera	Endopterygota		Diptera	Brachycera	Muscomorpha		Ephydroidea	Drosophilidae	Drosophilinae	Drosophilini	Drosophilina	Drosophila	Sophophora	willistoni group	willistoni subgroup	Drosophila willistoni			"
"AGAAYDK	Eukaryota	Metazoa			Nematoda			Chromadorea				Rhabditida	Strongylida			Strongyloidea	Cloacinidae				Oesophagostomum				Oesophagostomum dentatum			"
"AGGVSHK	Eukaryota	Viridiplantae			Streptophyta				rosids			Rosales					Moraceae				Morus				Morus notabilis			"
"ANLLLHK	Bacteria																											"
"GCPVMK	Bacteria																											"
"GDLVPEK	Bacteria																											"
"GPAAAHR	Bacteria																											"
"HAGLVPK	Bacteria																											"
"LEPSLPPK	Bacteria																											"
"LETVHVK	Bacteria																											"
"MTTALPR	Bacteria																											"
"TMDVPR	Bacteria																											"
"VAVVMPK	Bacteria																											"
"VPAAAHR	Bacteria																											"
"YSLGPGR	Bacteria																											"
"ADAPGVVR	Bacteria																											"
"ADGEFK	Bacteria																											"
"ALGDFFR	Bacteria																											"
"AVASDPR	Bacteria																											"
"EVGCHK	Bacteria																											"
"FAAVALR	Bacteria																											"
"FAGLPVK	Bacteria																											"
"GVSGEPR	Bacteria																											"
"LLAPEPK	Bacteria																											"
"MNAGVVR	Bacteria																											"
"NSATPLR	Bacteria																											"
"NSGHTR	Bacteria																											"
"NSPPHK	Bacteria																											"
"THQAPR	Bacteria																											"
"TVDTPLR	Bacteria																											"
"YAHQLNK	Bacteria																											"
"SAGGVPPK	Bacteria																											"
"AQPAHK	Bacteria				Firmicutes			Bacilli				Bacillales					Planococcaceae				Sporosarcina				Sporosarcina newyorkensis			"
"ATLSEPK	Bacteria				Actinobacteria			Actinobacteria				Bifidobacteriales					Bifidobacteriaceae				Bifidobacterium				Bifidobacterium scardovii			"
"CCNVPK	Bacteria				Proteobacteria			Alphaproteobacteria				Rhizobiales					Rhizobiaceae				Rhizobium				Rhizobium leguminosarum			"
"CDARPK	Eukaryota																Reticulomyxidae				Reticulomyxa				Reticulomyxa filosa			"
"CKPMPR	Eukaryota	Metazoa			Arthropoda	Chelicerata		Arachnida	Acari		Parasitiformes	Ixodida				Ixodoidea	Ixodidae	Rhipicephalinae			Rhipicephalus							"
"CLTTAPR	Eukaryota	Metazoa			Chordata	Craniata		Mammalia			Laurasiatheria	Insectivora					Soricidae	Soricinae			Sorex				Sorex palustris			"
"CMAQNK	Eukaryota	Viridiplantae			Streptophyta							Saxifragales					Altingiaceae				Liquidambar							"
"CNSPGK	Eukaryota	Metazoa			Chordata	Craniata	Actinopterygii	Actinopteri	Neopterygii	Teleostei	Atherinomorphae	Cyprinodontiformes	Cyprinodontoidei				Poeciliidae	Poeciliinae										"
"CSNEPK	Eukaryota	Metazoa			Nematoda			Enoplea	Dorylaimia			Trichocephalida					Trichinellidae				Trichinella							"
"CSTVVPK	Eukaryota	Fungi	Dikarya		Basidiomycota	Agaricomycotina		Agaricomycetes	Agaricomycetidae			Agaricales					Pleurotaceae				Pleurotus				Pleurotus ostreatus			"
"CTAASHR	Eukaryota	Metazoa			Platyhelminthes			Cestoda	Eucestoda			Cyclophyllidea					Taeniidae				Echinococcus				Echinococcus granulosus			"
"CTPYPR	Bacteria				Actinobacteria			Actinobacteria				Propionibacteriales					Propionibacteriaceae				Propionibacterium				Propionibacterium acnes			"
"CVPHVPK	Bacteria				Firmicutes			Bacilli				Bacillales					Alicyclobacillaceae				Alicyclobacillus				Alicyclobacillus acidocaldarius			"
"DDGDVPR	Eukaryota	Fungi	Dikarya		Ascomycota	Pezizomycotina		Eurotiomycetes	Eurotiomycetidae			Eurotiales					Aspergillaceae				Penicillium				Penicillium digitatum			"
"DFGGGVPK	Eukaryota	Viridiplantae			Chlorophyta			Mamiellophyceae				Mamiellales					Bathycoccaceae				Bathycoccus				Bathycoccus prasinos			"
"DLMPLSR	Viruses																Iridoviridae				Iridovirus				Invertebrate iridescent virus 6			"
"DMCLPR	Bacteria				Proteobacteria			Alphaproteobacteria				Rhizobiales					Phyllobacteriaceae				Mesorhizobium				Mesorhizobium alhagi			"
"ECSHNK	Bacteria				Actinobacteria			Coriobacteriia				Coriobacteriales					Atopobiaceae				Olsenella				Olsenella scatoligenes			"
"ELTMPAR	Bacteria				Actinobacteria			Coriobacteriia				Coriobacteriales					Atopobiaceae				Atopobium				Atopobium parvulum			"
"EPLAAHR	Bacteria				Proteobacteria			Betaproteobacteria				Burkholderiales					Alcaligenaceae				Achromobacter							"
"EVPALAPK	Bacteria				Proteobacteria			Betaproteobacteria				Burkholderiales					Burkholderiaceae				Burkholderia							"
"GATTQNK	Eukaryota	Metazoa			Platyhelminthes			Cestoda	Eucestoda			Cyclophyllidea					Taeniidae											"
"GHPVVEK	Eukaryota	Fungi	Dikarya		Ascomycota	Saccharomycotina		Saccharomycetes				Saccharomycetales					Phaffomycetaceae				Komagataella				Komagataella phaffii			"
"QCTVPK	Eukaryota	Fungi	Dikarya		Ascomycota	Saccharomycotina		Saccharomycetes				Saccharomycetales					Phaffomycetaceae				Komagataella				Komagataella phaffii			"
"GPAALPK	Bacteria				Proteobacteria	delta/epsilon subdivisions		Deltaproteobacteria																				"
"GPATHAK	Eukaryota	Fungi	Dikarya		Basidiomycota	Agaricomycotina		Agaricomycetes				Sebacinales									Piriformospora				Piriformospora indica			"
"GPHSLPK	Eukaryota	Metazoa																										"
"TTPTCSR	Eukaryota	Metazoa																										"
"QLGNSHK	Eukaryota	Metazoa																										"
"GPLGVPK	Eukaryota	Metazoa			Chordata	Craniata		Aves			Neognathae	Procellariiformes					Procellariidae	Procellariinae			Fulmarus				Fulmarus glacialis			"
"GVCDHK	Eukaryota							Oomycetes				Peronosporales									Phytophthora							"
"QPLALHK	Eukaryota							Oomycetes				Peronosporales									Phytophthora							"
"GYDALPK	Eukaryota	Viridiplantae			Streptophyta							Caryophyllales					Chenopodiaceae	Chenopodioideae	Anserineae		Spinacia				Spinacia oleracea			"
"HAPGEPR	Bacteria				Actinobacteria			Actinobacteria				Streptomycetales					Streptomycetaceae				Streptomyces				Streptomyces natalensis			"
"HLAVMMR	Bacteria				Firmicutes			Clostridia				Clostridiales					Ruminococcaceae				Ruminococcus							"
"HPVLAPK	Eukaryota	Fungi	Dikarya		Ascomycota	Pezizomycotina																						"
"AGNFSSR	Eukaryota	Fungi	Dikarya		Ascomycota	Pezizomycotina																						"
"HSCAHK	Eukaryota	Metazoa			Nematoda			Chromadorea				Rhabditida				Rhabditoidea	Rhabditidae	Peloderinae			Caenorhabditis				Caenorhabditis elegans			"
"KPAAAHR	Bacteria				Proteobacteria	delta/epsilon subdivisions		Deltaproteobacteria				Desulfuromonadales					Geobacteraceae				Geobacter				Geobacter pickeringii			"
"LMGQTPK	Bacteria				Spirochaetes			Spirochaetia									Leptospiraceae				Leptospira				Leptospira kmetyi			"
"LPVQTPR	Eukaryota	Fungi	Dikarya		Ascomycota	Pezizomycotina		Eurotiomycetes	Eurotiomycetidae			Onygenales									Coccidioides							"
"MTTLSNGVR	Eukaryota	Metazoa			Mollusca			Cephalopoda	Coleoidea	Neocoleoidea	Octopodiformes	Octopoda	Incirrata				Octopodidae				Octopus				Octopus bimaculoides			"
"MVETLGPR	Bacteria				Firmicutes			Clostridia				Clostridiales					Peptococcaceae				Desulfosporosinus				Desulfosporosinus orientis			"
"NAQSHK	Bacteria				Proteobacteria			Alphaproteobacteria				Rhodobacterales					Rhodobacteraceae				Roseibacterium				Roseibacterium elongatum			"
"NDVSTVR	Bacteria				Firmicutes			Clostridia				Clostridiales					Lachnospiraceae				Butyrivibrio				Butyrivibrio crossotus			"
"NLSNCPR	Eukaryota											Choanoflagellida					Codonosigidae				Monosiga				Monosiga brevicollis			"
"NSGSPPK	Eukaryota	Metazoa			Nematoda			Chromadorea				Rhabditida				Rhabditoidea	Rhabditidae	Peloderinae			Caenorhabditis				Caenorhabditis japonica			"
"QYGSPNK	Eukaryota											Dictyosteliida									Dictyostelium							"
"SCSVPNK	Eukaryota							Oomycetes				Peronosporales					Peronosporaceae				Plasmopara				Plasmopara halstedii			"
"SDACHK	Bacteria				Proteobacteria			Alphaproteobacteria				Rhizobiales					Rhizobiaceae				Rhizobium				Rhizobium freirei			"
"SFTMPAR	Eukaryota	Metazoa			Arthropoda		Hexapoda	Insecta	Neoptera	Endopterygota		Hymenoptera				Chalcidoidea	Pteromalidae	Pteromalinae			Nasonia				Nasonia vitripennis			"
"SGFGHDK	Eukaryota	Fungi	Dikarya		Ascomycota	Pezizomycotina		Dothideomycetes				Botryosphaeriales					Botryosphaeriaceae				Macrophomina				Macrophomina phaseolina			"
"SPTASHR	Bacteria				Actinobacteria			Actinobacteria				Micrococcales					Dermacoccaceae				Dermacoccus							"
"SYPAASK	Bacteria				Firmicutes			Bacilli				Bacillales					Paenibacillaceae				Paenibacillus				Paenibacillus alvei			"
"TATSVELK	Bacteria				Firmicutes			Tissierellia				Tissierellales					Peptoniphilaceae				Anaerococcus				Anaerococcus lactolyticus			"
"TFAGPGK	Bacteria				Firmicutes			Bacilli				Bacillales					Planococcaceae				Jeotgalibacillus				Jeotgalibacillus malaysiensis			"
"TMAPGVR	Bacteria				Actinobacteria			Actinobacteria				Micrococcales					Micrococcaceae				Rothia							"
"TPMVMPK	Eukaryota	Metazoa			Nematoda			Chromadorea				Rhabditida				Panagrolaimoidea	Strongyloididae				Strongyloides				Strongyloides papillosus			"
"TSPEVTR	Eukaryota	Metazoa			Chordata	Cephalochordata											Branchiostomidae				Branchiostoma				Branchiostoma floridae			"
"VGVVMANK	Eukaryota	Metazoa			Chordata	Craniata	Actinopterygii	Actinopteri	Neopterygii	Teleostei		Salmoniformes					Salmonidae	Salmoninae										"
"VPCTYK	Eukaryota	Fungi	Dikarya		Ascomycota	Pezizomycotina		Eurotiomycetes	Eurotiomycetidae			Eurotiales					Aspergillaceae				Aspergillus							"
"VSEAPLK	Bacteria				Cyanobacteria							Nostocales					Nostocaceae				Anabaena				Anabaena cylindrica			"
"VTHETLR	Bacteria				Proteobacteria			Gammaproteobacteria				Enterobacteriales					Enterobacteriaceae				Escherichia				Escherichia coli			"
"VVANAHK	Eukaryota	Fungi	Dikarya		Ascomycota	Pezizomycotina		Sordariomycetes	Hypocreomycetidae			Glomerellales					Glomerellaceae				Colletotrichum				Colletotrichum gloeosporioides			"
"VVDDMSR	Viruses											Caudovirales					Myoviridae								Microcystis phage MaMV-DC			"
"VVETLGPR	Bacteria				Actinobacteria			Actinobacteria				Micrococcales					Sanguibacteraceae				Sanguibacter				Sanguibacter keddieii			"
"VVNWCPK	Bacteria				Candidatus Jorgensenbacteria																							"
"ACLLQNK	Archaea				Euryarchaeota			Methanobacteria				Methanobacteriales					Methanobacteriaceae				Methanobrevibacter				Methanobrevibacter ruminantium			"
"AEVPPPR	Bacteria				Actinobacteria			Actinobacteria				Streptosporangiales					Nocardiopsaceae				Nocardiopsis							"
"ALSFSDPK	Bacteria				Proteobacteria			Gammaproteobacteria				Pseudomonadales					Pseudomonadaceae				Pseudomonas							"
"GFACHR	Bacteria				Proteobacteria			Gammaproteobacteria				Pseudomonadales					Pseudomonadaceae				Pseudomonas							"
"ANLVYDK	Eukaryota	Metazoa			Arthropoda	Crustacea		Maxillopoda	Copepoda	Neocopepoda	Podoplea	Siphonostomatoida					Caligidae				Lepeophtheirus				Lepeophtheirus salmonis			"
"APAGQDK	Bacteria				Proteobacteria			Gammaproteobacteria				Xanthomonadales					Xanthomonadaceae				Stenotrophomonas				Stenotrophomonas ginsengisoli			"
"APSAAAHR	Eukaryota	Fungi	Dikarya		Basidiomycota	Agaricomycotina		Agaricomycetes																				"
"ATLQSNGK	Bacteria				Proteobacteria			Gammaproteobacteria																				"
"HVGFPR	Bacteria				Proteobacteria			Gammaproteobacteria																				"
"ATTMYK	Eukaryota	Fungi	Dikarya		Ascomycota	Pezizomycotina		Sordariomycetes	Hypocreomycetidae			Hypocreales					Hypocreaceae				Trichoderma				Trichoderma virens			"
"CAADVLK	Eukaryota	Metazoa			Chordata	Craniata		Mammalia			Afrotheria	Proboscidea					Elephantidae				Loxodonta				Loxodonta africana			"
"CCGPNK	Eukaryota	Viridiplantae			Streptophyta			Liliopsida	commelinids			Poales					Poaceae	Oryzoideae	Oryzeae	Oryzinae	Oryza				Oryza sativa			"
"CCNALR	Eukaryota	Fungi	Dikarya		Ascomycota	Pezizomycotina		Leotiomycetes				Erysiphales					Erysiphaceae				Erysiphe				Erysiphe necator			"
"CFGNPR	Bacteria				Actinobacteria			Actinobacteria				Actinomycetales					Actinomycetaceae				Actinomyces							"
"CLVADNR	Bacteria				Actinobacteria			Actinobacteria				Streptomycetales					Streptomycetaceae				Streptomyces				Streptomyces iranensis			"
"CMAPLR	Eukaryota	Metazoa			Arthropoda																							"
"CSGVKPK	Eukaryota	Viridiplantae			Streptophyta			Liliopsida	commelinids			Poales					Poaceae	Oryzoideae	Oryzeae	Oryzinae	Leersia				Leersia perrieri			"
"DAGQAPK	Bacteria				Firmicutes			Bacilli				Bacillales					Paenibacillaceae				Paenibacillus							"
"DLGFGHR	Viruses																								Tacheng tick virus 8			"
"DPSNTTR	Eukaryota	Fungi	Dikarya		Ascomycota	Pezizomycotina		Dothideomycetes	Pleosporomycetidae			Pleosporales	Pleosporineae				Pleosporaceae				Pyrenophora				Pyrenophora teres			Pyrenophora teres f. teres"
"DSQYHK	Bacteria				Proteobacteria	delta/epsilon subdivisions		Epsilonproteobacteria				Campylobacterales					Helicobacteraceae				Helicobacter							"
"DTSSHAR	Eukaryota	Metazoa			Nematoda			Chromadorea				Rhabditida				Panagrolaimoidea	Strongyloididae				Strongyloides				Strongyloides ratti			"
"EGPGAVPR	Eukaryota	Metazoa			Chordata	Craniata		Mammalia			Laurasiatheria		Tylopoda				Camelidae				Camelus				Camelus ferus			"
"EPGFVPK	Bacteria				Actinobacteria			Actinobacteria				Streptomycetales					Streptomycetaceae				Streptomyces							"
"TVFPPGR	Bacteria				Actinobacteria			Actinobacteria				Streptomycetales					Streptomycetaceae				Streptomyces							"
"YAGSAPR	Bacteria				Actinobacteria			Actinobacteria				Streptomycetales					Streptomycetaceae				Streptomyces							"
"GCDSHK	Bacteria				Cyanobacteria				Oscillatoriophycideae			Chroococcales									Synechococcus							"
"GLPAAHK	Bacteria				Proteobacteria	delta/epsilon subdivisions		Deltaproteobacteria				Desulfobacterales					Desulfobacteraceae				Desulfobacterium				Desulfobacterium autotrophicum			"
"GPALGPK	Eukaryota	Metazoa			Arthropoda		Hexapoda	Insecta	Neoptera	Paraneoptera		Hemiptera				Reduvioidea	Reduviidae	Triatominae										"
"GPHGVNK	Eukaryota	Viridiplantae			Chlorophyta			Trebouxiophyceae				Chlorellales					Chlorellaceae				Auxenochlorella				Auxenochlorella protothecoides			"
"GPWDVR	Bacteria				Proteobacteria			Gammaproteobacteria				Cellvibrionales																"
"GSLMTNPK	Bacteria				Proteobacteria			Betaproteobacteria				Burkholderiales					Comamonadaceae				Variovorax							"
"GVHPNK	Bacteria				Firmicutes			Bacilli				Bacillales					Bacillaceae				Halobacillus							"
"GVMVPGR	Bacteria				Firmicutes			Clostridia				Clostridiales																"
"GYGEDPR	Bacteria				Actinobacteria			Actinobacteria				Corynebacteriales					Nocardiaceae				Rhodococcus				Rhodococcus pyridinivorans			"
"HFTLPVK	Bacteria				Bacteroidetes			Bacteroidia				Bacteroidales					Bacteroidaceae				Bacteroides				Bacteroides intestinalis			"
"HGATPLR	Bacteria				Proteobacteria																							"
"HGNPTTR	Bacteria				Proteobacteria																							"
"HLCVHGK	Bacteria				Proteobacteria			Gammaproteobacteria				Pseudomonadales					Pseudomonadaceae				Pseudomonas		Pseudomonas stutzeri group					"
"HSAAAAPR	Bacteria				Proteobacteria			Alphaproteobacteria				Rhodobacterales					Rhodobacteraceae				Roseivivax				Roseivivax atlanticus			"
"HTASGNK	Eukaryota							Oomycetes				Pythiales					Pythiaceae				Pythium				Pythium ultimum			"
"KPGLYDK	Viruses											Caudovirales					Podoviridae	Autographivirinae			T7likevirus							"
"LCGAANR	Eukaryota	Metazoa			Chordata	Craniata	Actinopterygii	Actinopteri	Neopterygii	Teleostei	Characiphysae	Siluriformes	Siluroidei				Ictaluridae				Ictalurus				Ictalurus punctatus			"
"LCNMPK	Eukaryota	Metazoa			Arthropoda		Hexapoda	Insecta	Neoptera	Endopterygota		Coleoptera	Polyphaga	Cucujiformia		Curculionoidea	Curculionidae	Scolytinae			Dendroctonus				Dendroctonus ponderosae			"
"LNMFLPGK	Bacteria				Candidatus Daviesbacteria																							"
"LTCSHGK	Bacteria				Proteobacteria	delta/epsilon subdivisions		Deltaproteobacteria				Desulfovibrionales					Desulfovibrionaceae				Desulfovibrio				Desulfovibrio salexigens			"
"MNDGLPK	Eukaryota	Fungi	Dikarya		Ascomycota	Pezizomycotina		Leotiomycetes				Helotiales					Sclerotiniaceae				Sclerotinia				Sclerotinia sclerotiorum			"
"MSLGENGK	Eukaryota	Fungi	Dikarya		Ascomycota	Pezizomycotina		Dothideomycetes	Pleosporomycetidae			Pleosporales	Pleosporineae				Pleosporaceae				Bipolaris							"
"NACSSGVR	Eukaryota	Fungi	Dikarya		Ascomycota	Pezizomycotina		Sordariomycetes	Hypocreomycetidae			Hypocreales					Hypocreaceae				Trichoderma				Trichoderma harzianum			"
"NGFACHK	Bacteria				Firmicutes			Clostridia				Thermoanaerobacterales					Thermoanaerobacteraceae				Caldanaerobacter				Caldanaerobacter subterraneus			"
"NLGDSVLK	Bacteria				Acidobacteria			Solibacteres				Solibacterales					Solibacteraceae				Candidatus Solibacter				Candidatus Solibacter usitatus			"
"NNSPGGK	Eukaryota				Apicomplexa			Aconoidasida				Haemosporida					Plasmodiidae				Plasmodium	Plasmodium (Plasmodium)			Plasmodium cynomolgi			"
"NPCVNK	Eukaryota	Metazoa			Chordata	Craniata						Coelacanthiformes					Coelacanthidae				Latimeria				Latimeria chalumnae			"
"QAAGGNLK	Bacteria				Actinobacteria			Actinobacteria				Micromonosporales					Micromonosporaceae				Actinoplanes				Actinoplanes awajinensis	Actinoplanes awajinensis subsp. mycoplanecinus		"
"QLHVNPK	Bacteria				Firmicutes																							"
"QPTCDK	Eukaryota	Metazoa			Mollusca			Bivalvia	Pteriomorphia			Ostreoida				Ostreoidea	Ostreidae				Crassostrea				Crassostrea gigas			"
"SAHEGNK	Bacteria				Proteobacteria			Alphaproteobacteria				Rhodospirillales					Rhodospirillaceae				Candidatus Endolissoclinum				Candidatus Endolissoclinum faulkneri			"
"SAVSSHK	Eukaryota	Fungi	Dikarya		Ascomycota	Pezizomycotina		Eurotiomycetes	Chaetothyriomycetidae			Chaetothyriales					Herpotrichiellaceae				Exophiala				Exophiala aquamarina			"
"SGSTEPR	Eukaryota	Fungi	Dikarya		Ascomycota	Saccharomycotina		Saccharomycetes				Saccharomycetales					Saccharomycetaceae				Zygosaccharomyces				Zygosaccharomyces bailii			"
"SMGVSNK	Bacteria				Firmicutes			Bacilli				Bacillales					Bacillaceae				Geobacillus							"
"SSDDAHK	Eukaryota	Viridiplantae			Streptophyta				rosids			Malvales					Malvaceae	Malvoideae			Gossypium				Gossypium raimondii			"
"SSNGGPR	Bacteria				Firmicutes			Bacilli				Bacillales					Staphylococcaceae				Staphylococcus							"
"SVVTGPR	Eukaryota	Fungi	Dikarya		Ascomycota	Pezizomycotina		Dothideomycetes	Dothideomycetidae			Capnodiales					Mycosphaerellaceae				Dothistroma				Dothistroma septosporum			"
"TDNSYPR	Eukaryota	Metazoa			Chordata	Craniata	Actinopterygii	Actinopteri	Neopterygii	Teleostei		Perciformes	Serranoidei				Serranidae	Epinephelinae	Epinephelini		Epinephelus				Epinephelus coioides			"
"TGCEPLK	Bacteria				Proteobacteria			Alphaproteobacteria				Caulobacterales					Caulobacteraceae				Caulobacter							"
"TGHVLPK	Bacteria				Bacteroidetes																							"
"TPAAQGPK	Eukaryota	Fungi	Dikarya		Basidiomycota	Pucciniomycotina		Pucciniomycetes				Pucciniales					Pucciniaceae				Puccinia				Puccinia striiformis			"
"VGDLPGNK	Eukaryota	Fungi	Dikarya		Ascomycota	Pezizomycotina		Sordariomycetes	Hypocreomycetidae			Hypocreales					Nectriaceae				Fusarium				Fusarium langsethiae			"
"VLCAELK	Bacteria				Proteobacteria			Gammaproteobacteria				Enterobacteriales					Enterobacteriaceae				Proteus							"
"VNPDVPK	Bacteria				Bacteroidetes			Cytophagia				Cytophagales					Cytophagaceae											"
"VPCSFR	Bacteria				Chlamydiae			Chlamydiia				Chlamydiales					Simkaniaceae				Simkania				Simkania negevensis			"
"YMVTHK	Eukaryota	Metazoa			Chordata	Craniata	Actinopterygii	Actinopteri	Neopterygii	Teleostei		Salmoniformes					Salmonidae	Salmoninae			Oncorhynchus				Oncorhynchus mykiss			"
"AANGPPK	Eukaryota	Metazoa			Chordata	Craniata		Mammalia			Euarchontoglires	Rodentia	Hystricognathi				Caviidae				Cavia				Cavia porcellus			"
"AGPTVPPR	Bacteria				Proteobacteria			Betaproteobacteria				Burkholderiales					Alcaligenaceae				Bordetella				Bordetella pertussis			"
"GGMMHK	Eukaryota	Viridiplantae			Streptophyta			Liliopsida	commelinids			Poales					Poaceae	Pooideae	Brachypodieae		Brachypodium				Brachypodium distachyon			"
"GHPDHK	Archaea																											"
"SVPAGHR	Bacteria				Actinobacteria			Actinobacteria				Streptomycetales					Streptomycetaceae				Streptomyces				Streptomyces clavuligerus			"